id,participant_code,scenario_id,esperada,predicha,confidence
Q0006,P33,S26,partida_defuncion,nlu_fallback,0.5
Q0011,P33,S51,fuera_de_alcance,horario_atencion_general,0.6
Q0043,P36,S44,redes_sociales_mpsr,nlu_fallback,0.5
Q0050,P37,S25,partida_matrimonio,nlu_fallback,0.5
Q0073,P39,S22,denuncia_seguridad_ciudadana,nlu_fallback,0.5
Q0076,P39,S37,queja_atencion,presentar_reclamo,0.56
Q0123,P43,S51,fuera_de_alcance,nlu_fallback,0.5
Q0135,P44,S52,fuera_de_alcance,nlu_fallback,0.5
Q0136,P45,S03,licencia_funcionamiento_plazo,nlu_fallback,0.5
Q0138,P45,S13,requisitos_mesa_partes,nlu_fallback,0.5
Q0140,P45,S23,serenazgo_contacto,contacto_telefonico,0.72
Q0167,P47,S50,fuera_de_alcance,nlu_fallback,0.5
Q0179,P48,S51,fuera_de_alcance,denuncia_seguridad_ciudadana,0.97
Q0191,P49,S52,fuera_de_alcance,nlu_fallback,0.5
Q0192,P50,S03,licencia_funcionamiento_plazo,licencia_funcionamiento_costo,0.9
Q0223,P52,S50,fuera_de_alcance,nlu_fallback,0.5
Q0226,P53,S06,renovacion_licencia,nlu_fallback,0.5
Q0234,P53,S46,despedida,saludo,0.65
Q0235,P53,S51,fuera_de_alcance,horario_mesa_partes,0.59
Q0238,P54,S07,consulta_deuda_predial,pago_predial_como,0.69
Q0240,P54,S17,certificado_posesion,nlu_fallback,0.5
Q0241,P54,S22,denuncia_seguridad_ciudadana,constancia_domiciliaria,0.91
Q0246,P54,S47,agradecimiento,despedida,0.54
Q0248,P55,S03,licencia_funcionamiento_plazo,nlu_fallback,0.5
Q0249,P55,S08,pago_predial_como,nlu_fallback,0.5
Q0251,P55,S18,constancia_domiciliaria,nlu_fallback,0.5
Q0261,P56,S14,estado_tramite,saludo,0.64
Q0267,P56,S44,redes_sociales_mpsr,nlu_fallback,0.5
Q0274,P57,S25,partida_matrimonio,nlu_fallback,0.5
Q0280,P57,S55,consulta_no_entendida,nlu_fallback,0.5
