id,participant_code,scenario_id,esperada,predicha
Q0006,P33,S26,partida_defuncion,fuera_de_alcance
Q0011,P33,S51,fuera_de_alcance,horario_atencion_general
Q0026,P35,S13,requisitos_mesa_partes,fuera_de_alcance
Q0027,P35,S18,constancia_domiciliaria,fuera_de_alcance
Q0029,P35,S28,requisitos_matrimonio_civil,licencia_funcionamiento_requisitos
Q0050,P37,S25,partida_matrimonio,fuera_de_alcance
Q0062,P38,S26,partida_defuncion,fuera_de_alcance
Q0066,P38,S46,despedida,agradecimiento
Q0073,P39,S22,denuncia_seguridad_ciudadana,limpieza_via_publica
Q0106,P42,S25,partida_matrimonio,constancia_domiciliaria
Q0122,P43,S46,despedida,afirmar
Q0123,P43,S51,fuera_de_alcance,contacto_telefonico
Q0134,P44,S47,agradecimiento,fuera_de_alcance
Q0140,P45,S23,serenazgo_contacto,contacto_telefonico
Q0147,P46,S04,licencia_edificacion_requisitos,fuera_de_alcance
Q0179,P48,S51,fuera_de_alcance,denuncia_seguridad_ciudadana
Q0192,P50,S03,licencia_funcionamiento_plazo,licencia_funcionamiento_costo
Q0224,P52,S55,consulta_no_entendida,negar
Q0226,P53,S06,renovacion_licencia,licencia_funcionamiento_costo
Q0232,P53,S36,libro_reclamaciones,saludo
Q0234,P53,S46,despedida,saludo
Q0235,P53,S51,fuera_de_alcance,horario_atencion_general
Q0238,P54,S07,consulta_deuda_predial,saludo
Q0240,P54,S17,certificado_posesion,saludo
Q0241,P54,S22,denuncia_seguridad_ciudadana,saludo
Q0247,P54,S52,fuera_de_alcance,saludo
Q0248,P55,S03,licencia_funcionamiento_plazo,saludo
Q0251,P55,S18,constancia_domiciliaria,saludo
Q0261,P56,S14,estado_tramite,saludo
Q0267,P56,S44,redes_sociales_mpsr,saludo
Q0274,P57,S25,partida_matrimonio,saludo
Q0277,P57,S40,ubicacion_oficinas,saludo
Q0279,P57,S50,fuera_de_alcance,saludo
Q0280,P57,S55,consulta_no_entendida,repetir_informacion
