fecha,real_id,participant_code,scenario_id,intent,entrenamiento_id,fuente,motivo
2026-10-08,Q0018,P34,S27,rectificacion_partida,R0144,lenguaje real (lote 1),"idéntica (texto normalizado) a una frase de entrenamiento: el modelo congelado ya la vio, se excluye de la medición; no se eligió mirando el modelo"
2026-10-08,Q0025,P35,S08,pago_predial_como,R0065,lenguaje real (lote 1),"idéntica (texto normalizado) a una frase de entrenamiento: el modelo congelado ya la vio, se excluye de la medición; no se eligió mirando el modelo"
2026-10-08,Q0039,P36,S24,partida_nacimiento,R0044,lenguaje real (lote 1),"idéntica (texto normalizado) a una frase de entrenamiento: el modelo congelado ya la vio, se excluye de la medición; no se eligió mirando el modelo"
2026-10-08,Q0087,P40,S38,sugerencia,R0109,lenguaje real (lote 1),"idéntica (texto normalizado) a una frase de entrenamiento: el modelo congelado ya la vio, se excluye de la medición; no se eligió mirando el modelo"
2026-10-08,Q0176,P48,S36,libro_reclamaciones,U0421,sintético,"idéntica (texto normalizado) a una frase de entrenamiento: el modelo congelado ya la vio, se excluye de la medición; no se eligió mirando el modelo"
2026-10-08,Q0181,P49,S02,licencia_funcionamiento_costo,U0013,sintético,"idéntica (texto normalizado) a una frase de entrenamiento: el modelo congelado ya la vio, se excluye de la medición; no se eligió mirando el modelo"
2026-10-08,Q0183,P49,S12,constancia_no_adeudo,U0133,sintético,"idéntica (texto normalizado) a una frase de entrenamiento: el modelo congelado ya la vio, se excluye de la medición; no se eligió mirando el modelo"
2026-10-08,Q0202,P50,S53,hablar_con_persona,U0601,sintético,"idéntica (texto normalizado) a una frase de entrenamiento: el modelo congelado ya la vio, se excluye de la medición; no se eligió mirando el modelo"
2026-10-08,Q0209,P51,S34,presentar_reclamo,U0398,sintético,"idéntica (texto normalizado) a una frase de entrenamiento: el modelo congelado ya la vio, se excluye de la medición; no se eligió mirando el modelo"
2026-10-08,Q0210,P51,S39,horario_atencion_general,R0159,lenguaje real (lote 1),"idéntica (texto normalizado) a una frase de entrenamiento: el modelo congelado ya la vio, se excluye de la medición; no se eligió mirando el modelo"
2026-10-08,Q0212,P51,S49,negar,R0161,lenguaje real (lote 1),"idéntica (texto normalizado) a una frase de entrenamiento: el modelo congelado ya la vio, se excluye de la medición; no se eligió mirando el modelo"
2026-10-08,Q0213,P51,S54,ayuda_chatbot,U0677,sintético,"idéntica (texto normalizado) a una frase de entrenamiento: el modelo congelado ya la vio, se excluye de la medición; no se eligió mirando el modelo"
2026-10-08,Q0222,P52,S45,saludo,U0529,sintético,"idéntica (texto normalizado) a una frase de entrenamiento: el modelo congelado ya la vio, se excluye de la medición; no se eligió mirando el modelo"
