real_id,text,intent_esperada,intent_revisada,decision,comentario,ESTADO
R0001,hola q papeles necesito para abrir mi tienda,licencia_funcionamiento_requisitos,licencia_funcionamiento_requisitos,OK,REVISIÓN SIMULADA (automática; no la hizo una persona),SIMULADO — datos de prueba; no son hallazgos de campo
R0002,mi licencia ya vencio como la renuevo,renovacion_licencia,renovacion_licencia,OK,REVISIÓN SIMULADA (automática; no la hizo una persona),SIMULADO — datos de prueba; no son hallazgos de campo
R0003,puedo pagar mi deuda de impuestos en cuotas,fraccionamiento_deuda,fraccionamiento_deuda,OK,REVISIÓN SIMULADA (automática; no la hizo una persona),SIMULADO — datos de prueba; no son hallazgos de campo
R0004,perdi la copia de mi documento q presente como la recupero,copia_documento,copia_documento,OK,REVISIÓN SIMULADA (automática; no la hizo una persona),SIMULADO — datos de prueba; no son hallazgos de campo
R0005,q cosas debo tener listas para la revision de seguridad,requisitos_defensa_civil,requisitos_defensa_civil,OK,REVISIÓN SIMULADA (automática; no la hizo una persona),SIMULADO — datos de prueba; no son hallazgos de campo
R0006,murio mi tio y necesito el acta de defuncion como se saca,partida_defuncion,partida_defuncion,OK,REVISIÓN SIMULADA (automática; no la hizo una persona),SIMULADO — datos de prueba; no son hallazgos de campo
R0007,el parque esta abandonado y los juegos malogrados quiero q lo arreglen,mantenimiento_parques,mantenimiento_parques,OK,REVISIÓN SIMULADA (automática; no la hizo una persona),SIMULADO — datos de prueba; no son hallazgos de campo
R0008,donde esta el libro de reclamaciones,libro_reclamaciones,libro_reclamaciones,DESCARTAR,REVISIÓN SIMULADA: descartada por ser idéntica a una frase del corpus sintético (fuga),SIMULADO — datos de prueba; no son hallazgos de campo
R0009,basta con mi dni para hacer un tramite,requisitos_generales,requisitos_generales,OK,REVISIÓN SIMULADA (automática; no la hizo una persona),SIMULADO — datos de prueba; no son hallazgos de campo
R0010,gracias chau,despedida,despedida,OK,REVISIÓN SIMULADA (automática; no la hizo una persona),SIMULADO — datos de prueba; no son hallazgos de campo
R0011,como pago mi recibo de luz,fuera_de_alcance,fuera_de_alcance,OK,REVISIÓN SIMULADA (automática; no la hizo una persona),SIMULADO — datos de prueba; no son hallazgos de campo
R0012,repite porfa no alcance a leer,repetir_informacion,repetir_informacion,OK,REVISIÓN SIMULADA (automática; no la hizo una persona),SIMULADO — datos de prueba; no son hallazgos de campo
R0013,cuanto cuesta la licencia pa mi tienda,licencia_funcionamiento_costo,licencia_funcionamiento_costo,OK,REVISIÓN SIMULADA (automática; no la hizo una persona),SIMULADO — datos de prueba; no son hallazgos de campo
R0014,quiero saber si debo predial,consulta_deuda_predial,consulta_deuda_predial,OK,REVISIÓN SIMULADA (automática; no la hizo una persona),SIMULADO — datos de prueba; no son hallazgos de campo
R0015,como saco constancia de no adeudo,constancia_no_adeudo,constancia_no_adeudo,OK,REVISIÓN SIMULADA (automática; no la hizo una persona),SIMULADO — datos de prueba; no son hallazgos de campo
R0016,como saco certificado de posesion,certificado_posesion,certificado_posesion,OK,REVISIÓN SIMULADA (automática; no la hizo una persona),SIMULADO — datos de prueba; no son hallazgos de campo
R0017,hay gente sospechosa en mi cuadra a quien aviso,denuncia_seguridad_ciudadana,denuncia_seguridad_ciudadana,OK,REVISIÓN SIMULADA (automática; no la hizo una persona),SIMULADO — datos de prueba; no son hallazgos de campo
R0018,un arbol tapa la vereda quiero q lo corten,poda_arboles,poda_arboles,OK,REVISIÓN SIMULADA (automática; no la hizo una persona),SIMULADO — datos de prueba; no son hallazgos de campo
R0019,un trabajador me atendio mal quiero reportarlo,queja_atencion,queja_atencion,OK,REVISIÓN SIMULADA (automática; no la hizo una persona),SIMULADO — datos de prueba; no son hallazgos de campo
R0020,cuanto cuestan los tramites,costos_generales,costos_generales,OK,REVISIÓN SIMULADA (automática; no la hizo una persona),SIMULADO — datos de prueba; no son hallazgos de campo
R0021,gracias,agradecimiento,agradecimiento,OK,REVISIÓN SIMULADA (automática; no la hizo una persona),SIMULADO — datos de prueba; no son hallazgos de campo
R0022,cuentame un chiste,fuera_de_alcance,fuera_de_alcance,DESCARTAR,REVISIÓN SIMULADA: descartada por ser idéntica a una frase del corpus sintético (fuga),SIMULADO — datos de prueba; no son hallazgos de campo
R0023,cuantos dias demora la licencia de funcionamiento,licencia_funcionamiento_plazo,licencia_funcionamiento_plazo,OK,REVISIÓN SIMULADA (automática; no la hizo una persona),SIMULADO — datos de prueba; no son hallazgos de campo
R0024,donde pago el impuesto predial,pago_predial_como,pago_predial_como,OK,REVISIÓN SIMULADA (automática; no la hizo una persona),SIMULADO — datos de prueba; no son hallazgos de campo
R0025,q tengo q llevar para presentar una solicitud,requisitos_mesa_partes,requisitos_mesa_partes,OK,REVISIÓN SIMULADA (automática; no la hizo una persona),SIMULADO — datos de prueba; no son hallazgos de campo
R0026,como saco mi constancia de domicilio,constancia_domiciliaria,constancia_domiciliaria,OK,REVISIÓN SIMULADA (automática; no la hizo una persona),SIMULADO — datos de prueba; no son hallazgos de campo
R0027,como me comunico con serenazgo,serenazgo_contacto,serenazgo_contacto,OK,REVISIÓN SIMULADA (automática; no la hizo una persona),SIMULADO — datos de prueba; no son hallazgos de campo
R0028,q papeles piden para casarse por civil,requisitos_matrimonio_civil,requisitos_matrimonio_civil,OK,REVISIÓN SIMULADA (automática; no la hizo una persona),SIMULADO — datos de prueba; no son hallazgos de campo
R0029,tengo una idea para mejorar la atencion,sugerencia,sugerencia,OK,REVISIÓN SIMULADA (automática; no la hizo una persona),SIMULADO — datos de prueba; no son hallazgos de campo
R0030,a q numero puedo llamar a la municipalidad,contacto_telefonico,contacto_telefonico,OK,REVISIÓN SIMULADA (automática; no la hizo una persona),SIMULADO — datos de prueba; no son hallazgos de campo
R0031,si,afirmar,afirmar,DESCARTAR,REVISIÓN SIMULADA: descartada por ser idéntica a una frase del corpus sintético (fuga),SIMULADO — datos de prueba; no son hallazgos de campo
R0032,quiero hablar con una persona,hablar_con_persona,hablar_con_persona,DESCARTAR,REVISIÓN SIMULADA: descartada por ser idéntica a una frase del corpus sintético (fuga),SIMULADO — datos de prueba; no son hallazgos de campo
R0033,q documentos necesito para construir un segundo piso,licencia_edificacion_requisitos,licencia_edificacion_requisitos,OK,REVISIÓN SIMULADA (automática; no la hizo una persona),SIMULADO — datos de prueba; no son hallazgos de campo
R0034,como pago los arbitrios,pago_arbitrios,pago_arbitrios,OK,REVISIÓN SIMULADA (automática; no la hizo una persona),SIMULADO — datos de prueba; no son hallazgos de campo
R0035,como va mi tramite q deje hace semanas,estado_tramite,estado_tramite,OK,REVISIÓN SIMULADA (automática; no la hizo una persona),SIMULADO — datos de prueba; no son hallazgos de campo
R0036,como se saca el certificado de defensa civil,certificado_defensa_civil,certificado_defensa_civil,OK,REVISIÓN SIMULADA (automática; no la hizo una persona),SIMULADO — datos de prueba; no son hallazgos de campo
R0037,como saco mi partida de nacimiento,partida_nacimiento,partida_nacimiento,OK,REVISIÓN SIMULADA (automática; no la hizo una persona),SIMULADO — datos de prueba; no son hallazgos de campo
R0038,a q hora pasa el camion de basura,horario_recojo_basura,horario_recojo_basura,OK,REVISIÓN SIMULADA (automática; no la hizo una persona),SIMULADO — datos de prueba; no son hallazgos de campo
R0039,quiero hacer un reclamo formal x mi tramite,presentar_reclamo,presentar_reclamo,OK,REVISIÓN SIMULADA (automática; no la hizo una persona),SIMULADO — datos de prueba; no son hallazgos de campo
R0040,a q hora abre la municipalidad,horario_atencion_general,horario_atencion_general,OK,REVISIÓN SIMULADA (automática; no la hizo una persona),SIMULADO — datos de prueba; no son hallazgos de campo
R0041,donde puedo seguir a la municipalidad en facebook,redes_sociales_mpsr,redes_sociales_mpsr,OK,REVISIÓN SIMULADA (automática; no la hizo una persona),SIMULADO — datos de prueba; no son hallazgos de campo
R0042,no,negar,negar,DESCARTAR,REVISIÓN SIMULADA: descartada por ser idéntica a una frase del corpus sintético (fuga),SIMULADO — datos de prueba; no son hallazgos de campo
R0043,q puedes hacer,ayuda_chatbot,ayuda_chatbot,OK,REVISIÓN SIMULADA (automática; no la hizo una persona),SIMULADO — datos de prueba; no son hallazgos de campo
R0044,cuanto cobran por la licencia de construccion,licencia_edificacion_costo,licencia_edificacion_costo,OK,REVISIÓN SIMULADA (automática; no la hizo una persona),SIMULADO — datos de prueba; no son hallazgos de campo
R0045,compre un terreno y me dicen q hay q pagar alcabala q es eso,impuesto_alcabala,impuesto_alcabala,OK,REVISIÓN SIMULADA (automática; no la hizo una persona),SIMULADO — datos de prueba; no son hallazgos de campo
R0046,hasta q hora atiende mesa de partes,horario_mesa_partes,horario_mesa_partes,OK,REVISIÓN SIMULADA (automática; no la hizo una persona),SIMULADO — datos de prueba; no son hallazgos de campo
R0047,como pido q vengan a inspeccionar mi local,inspeccion_tecnica,inspeccion_tecnica,OK,REVISIÓN SIMULADA (automática; no la hizo una persona),SIMULADO — datos de prueba; no son hallazgos de campo
R0048,perdi mi acta de matrimonio como saco otra,partida_matrimonio,partida_matrimonio,OK,REVISIÓN SIMULADA (automática; no la hizo una persona),SIMULADO — datos de prueba; no son hallazgos de campo
R0049,un poste de mi calle no prende como reporto,reporte_alumbrado_publico,reporte_alumbrado_publico,OK,REVISIÓN SIMULADA (automática; no la hizo una persona),SIMULADO — datos de prueba; no son hallazgos de campo
R0050,ya respondieron mi reclamo,estado_reclamo,estado_reclamo,OK,REVISIÓN SIMULADA (automática; no la hizo una persona),SIMULADO — datos de prueba; no son hallazgos de campo
R0051,donde queda la municipalidad,ubicacion_oficinas,ubicacion_oficinas,DESCARTAR,REVISIÓN SIMULADA: descartada por ser idéntica a una frase del corpus sintético (fuga),SIMULADO — datos de prueba; no son hallazgos de campo
R0052,hola,saludo,saludo,DESCARTAR,REVISIÓN SIMULADA: descartada por ser idéntica a una frase del corpus sintético (fuga),SIMULADO — datos de prueba; no son hallazgos de campo
R0053,como estara el clima mañana en juliaca,fuera_de_alcance,fuera_de_alcance,OK,REVISIÓN SIMULADA (automática; no la hizo una persona),SIMULADO — datos de prueba; no son hallazgos de campo
R0054,no entendi puedes explicar de nuevo,consulta_no_entendida,consulta_no_entendida,OK,REVISIÓN SIMULADA (automática; no la hizo una persona),SIMULADO — datos de prueba; no son hallazgos de campo
R0055,buenas tardes quisiera saber que documentos piden para sacar licencia de funcionamiento de una bodega,licencia_funcionamiento_requisitos,licencia_funcionamiento_requisitos,OK,REVISIÓN SIMULADA (automática; no la hizo una persona),SIMULADO — datos de prueba; no son hallazgos de campo
R0056,como hago para renovar el permiso de mi negocio que ya caduco,renovacion_licencia,renovacion_licencia,OK,REVISIÓN SIMULADA (automática; no la hizo una persona),SIMULADO — datos de prueba; no son hallazgos de campo
R0057,debo varios años de predial y no puedo pagar todo junto hay facilidades,fraccionamiento_deuda,fraccionamiento_deuda,OK,REVISIÓN SIMULADA (automática; no la hizo una persona),SIMULADO — datos de prueba; no son hallazgos de campo
R0058,necesito una copia sellada de un documento q presente antes,copia_documento,copia_documento,OK,REVISIÓN SIMULADA (automática; no la hizo una persona),SIMULADO — datos de prueba; no son hallazgos de campo
R0059,q piden en defensa civil extintor planos q mas,requisitos_defensa_civil,requisitos_defensa_civil,OK,REVISIÓN SIMULADA (automática; no la hizo una persona),SIMULADO — datos de prueba; no son hallazgos de campo
R0060,como saco la partida de defuncion de un familiar,partida_defuncion,partida_defuncion,OK,REVISIÓN SIMULADA (automática; no la hizo una persona),SIMULADO — datos de prueba; no son hallazgos de campo
R0061,como pido mantenimiento para el parque de mi barrio,mantenimiento_parques,mantenimiento_parques,OK,REVISIÓN SIMULADA (automática; no la hizo una persona),SIMULADO — datos de prueba; no son hallazgos de campo
R0062,quiero dejar mi queja en el libro de reclamos como se usa,libro_reclamaciones,libro_reclamaciones,OK,REVISIÓN SIMULADA (automática; no la hizo una persona),SIMULADO — datos de prueba; no son hallazgos de campo
R0063,para un tramite solo llevo dni o necesito algo mas,requisitos_generales,requisitos_generales,OK,REVISIÓN SIMULADA (automática; no la hizo una persona),SIMULADO — datos de prueba; no son hallazgos de campo
R0064,ok muchas gracias hasta luego,despedida,despedida,OK,REVISIÓN SIMULADA (automática; no la hizo una persona),SIMULADO — datos de prueba; no son hallazgos de campo
R0065,como saco mi dni en reniec,fuera_de_alcance,fuera_de_alcance,OK,REVISIÓN SIMULADA (automática; no la hizo una persona),SIMULADO — datos de prueba; no son hallazgos de campo
R0066,me puedes repetir la informacion no la anote,repetir_informacion,repetir_informacion,OK,REVISIÓN SIMULADA (automática; no la hizo una persona),SIMULADO — datos de prueba; no son hallazgos de campo
R0067,cuanto se paga por la licencia de funcionamiento,licencia_funcionamiento_costo,licencia_funcionamiento_costo,OK,REVISIÓN SIMULADA (automática; no la hizo una persona),SIMULADO — datos de prueba; no son hallazgos de campo
R0068,como puedo ver cuanto debo de impuesto predial de mi casa,consulta_deuda_predial,consulta_deuda_predial,OK,REVISIÓN SIMULADA (automática; no la hizo una persona),SIMULADO — datos de prueba; no son hallazgos de campo
R0069,me piden un papel q diga q no debo nada a la muni como lo consigo,constancia_no_adeudo,constancia_no_adeudo,OK,REVISIÓN SIMULADA (automática; no la hizo una persona),SIMULADO — datos de prueba; no son hallazgos de campo
R0070,vivo en un terreno sin titulo y me piden un certificado de posesion como se tramita,certificado_posesion,certificado_posesion,OK,REVISIÓN SIMULADA (automática; no la hizo una persona),SIMULADO — datos de prueba; no son hallazgos de campo
R0071,quiero denunciar personas raras q rondan mi calle,denuncia_seguridad_ciudadana,denuncia_seguridad_ciudadana,OK,REVISIÓN SIMULADA (automática; no la hizo una persona),SIMULADO — datos de prueba; no son hallazgos de campo
R0072,como se rectifica una partida de nacimiento con error en apellido,rectificacion_partida,rectificacion_partida,OK,REVISIÓN SIMULADA (automática; no la hizo una persona),SIMULADO — datos de prueba; no son hallazgos de campo
R0073,como solicito poda de un arbol q bloquea el paso,poda_arboles,poda_arboles,OK,REVISIÓN SIMULADA (automática; no la hizo una persona),SIMULADO — datos de prueba; no son hallazgos de campo
R0074,me trataron mal en la muni donde pongo mi queja,queja_atencion,queja_atencion,OK,REVISIÓN SIMULADA (automática; no la hizo una persona),SIMULADO — datos de prueba; no son hallazgos de campo
R0075,donde veo la lista de precios de los tramites de la muni,costos_generales,costos_generales,OK,REVISIÓN SIMULADA (automática; no la hizo una persona),SIMULADO — datos de prueba; no son hallazgos de campo
R0076,muchas gracias por la informacion,agradecimiento,agradecimiento,OK,REVISIÓN SIMULADA (automática; no la hizo una persona),SIMULADO — datos de prueba; no son hallazgos de campo
R0077,hazme mi tarea de matematicas,fuera_de_alcance,fuera_de_alcance,OK,REVISIÓN SIMULADA (automática; no la hizo una persona),SIMULADO — datos de prueba; no son hallazgos de campo
R0078,ya entregue mis documentos y cuanto tiempo se demoran en darme el permiso,licencia_funcionamiento_plazo,licencia_funcionamiento_plazo,OK,REVISIÓN SIMULADA (automática; no la hizo una persona),SIMULADO — datos de prueba; no son hallazgos de campo
R0079,como puedo pagar mi predial desde mi celular o tengo q ir a la muni,pago_predial_como,pago_predial_como,OK,REVISIÓN SIMULADA (automática; no la hizo una persona),SIMULADO — datos de prueba; no son hallazgos de campo
R0080,quiero entregar un documento a mesa de partes que necesito,requisitos_mesa_partes,requisitos_mesa_partes,OK,REVISIÓN SIMULADA (automática; no la hizo una persona),SIMULADO — datos de prueba; no son hallazgos de campo
R0081,me piden un documento q pruebe donde vivo q hago,constancia_domiciliaria,constancia_domiciliaria,OK,REVISIÓN SIMULADA (automática; no la hizo una persona),SIMULADO — datos de prueba; no son hallazgos de campo
R0082,q numero de serenazgo hay,serenazgo_contacto,serenazgo_contacto,OK,REVISIÓN SIMULADA (automática; no la hizo una persona),SIMULADO — datos de prueba; no son hallazgos de campo
R0083,mi pareja y yo queremos casarnos q requisitos hay,requisitos_matrimonio_civil,requisitos_matrimonio_civil,OK,REVISIÓN SIMULADA (automática; no la hizo una persona),SIMULADO — datos de prueba; no son hallazgos de campo
R0084,quiero q limpien la basura de mi cuadra,limpieza_via_publica,limpieza_via_publica,OK,REVISIÓN SIMULADA (automática; no la hizo una persona),SIMULADO — datos de prueba; no son hallazgos de campo
R0085,quisiera sugerir q pongan mas ventanillas para atender mas rapido,sugerencia,sugerencia,OK,REVISIÓN SIMULADA (automática; no la hizo una persona),SIMULADO — datos de prueba; no son hallazgos de campo
R0086,prefiero llamar x telefono como me comunico con la muni,contacto_telefonico,contacto_telefonico,OK,REVISIÓN SIMULADA (automática; no la hizo una persona),SIMULADO — datos de prueba; no son hallazgos de campo
R0087,si asi es,afirmar,afirmar,DESCARTAR,REVISIÓN SIMULADA: descartada por ser idéntica a una frase del corpus sintético (fuga),SIMULADO — datos de prueba; no son hallazgos de campo
R0088,prefiero q me atienda alguien no un robot,hablar_con_persona,hablar_con_persona,OK,REVISIÓN SIMULADA (automática; no la hizo una persona),SIMULADO — datos de prueba; no son hallazgos de campo
R0089,quiero hacer el segundo piso de mi casa que tengo q presentar,licencia_edificacion_requisitos,licencia_edificacion_requisitos,OK,REVISIÓN SIMULADA (automática; no la hizo una persona),SIMULADO — datos de prueba; no son hallazgos de campo
R0090,me llego un cobro de limpieza y serenazgo donde lo pago,pago_arbitrios,pago_arbitrios,OK,REVISIÓN SIMULADA (automática; no la hizo una persona),SIMULADO — datos de prueba; no son hallazgos de campo
R0091,quiero saber en q estado esta mi expediente,estado_tramite,estado_tramite,OK,REVISIÓN SIMULADA (automática; no la hizo una persona),SIMULADO — datos de prueba; no son hallazgos de campo
R0092,mi local necesita certificado de seguridad como lo obtengo,certificado_defensa_civil,certificado_defensa_civil,OK,REVISIÓN SIMULADA (automática; no la hizo una persona),SIMULADO — datos de prueba; no son hallazgos de campo
R0093,me piden partida de nacimiento y no se donde sacarla,partida_nacimiento,partida_nacimiento,OK,REVISIÓN SIMULADA (automática; no la hizo una persona),SIMULADO — datos de prueba; no son hallazgos de campo
R0094,hoy no paso el carro de la basura por mi calle a q hora suele pasar,horario_recojo_basura,horario_recojo_basura,OK,REVISIÓN SIMULADA (automática; no la hizo una persona),SIMULADO — datos de prueba; no son hallazgos de campo
R0095,no estoy conforme como me resolvieron mi tramite como reclamo,presentar_reclamo,presentar_reclamo,OK,REVISIÓN SIMULADA (automática; no la hizo una persona),SIMULADO — datos de prueba; no son hallazgos de campo
R0096,q horario de atencion tiene la muni y abren los sabados,horario_atencion_general,horario_atencion_general,OK,REVISIÓN SIMULADA (automática; no la hizo una persona),SIMULADO — datos de prueba; no son hallazgos de campo
R0097,tienen redes sociales para ver los avisos oficiales,redes_sociales_mpsr,redes_sociales_mpsr,OK,REVISIÓN SIMULADA (automática; no la hizo una persona),SIMULADO — datos de prueba; no son hallazgos de campo
R0098,no eso no queria,negar,negar,OK,REVISIÓN SIMULADA (automática; no la hizo una persona),SIMULADO — datos de prueba; no son hallazgos de campo
R0099,para q sirve este asistente,ayuda_chatbot,ayuda_chatbot,OK,REVISIÓN SIMULADA (automática; no la hizo una persona),SIMULADO — datos de prueba; no son hallazgos de campo
R0100,cuanto cuesta el permiso para construir en mi terreno,licencia_edificacion_costo,licencia_edificacion_costo,OK,REVISIÓN SIMULADA (automática; no la hizo una persona),SIMULADO — datos de prueba; no son hallazgos de campo
R0101,que es la alcabala y cuanto se paga,impuesto_alcabala,impuesto_alcabala,OK,REVISIÓN SIMULADA (automática; no la hizo una persona),SIMULADO — datos de prueba; no son hallazgos de campo
R0102,q dias y horas puedo ir a dejar un documento,horario_mesa_partes,horario_mesa_partes,OK,REVISIÓN SIMULADA (automática; no la hizo una persona),SIMULADO — datos de prueba; no son hallazgos de campo
R0103,quiero una inspeccion tecnica de seguridad para mi negocio como se solicita,inspeccion_tecnica,inspeccion_tecnica,OK,REVISIÓN SIMULADA (automática; no la hizo una persona),SIMULADO — datos de prueba; no son hallazgos de campo
R0104,me piden partida de matrimonio y no encuentro el original,partida_matrimonio,partida_matrimonio,OK,REVISIÓN SIMULADA (automática; no la hizo una persona),SIMULADO — datos de prueba; no son hallazgos de campo
R0105,quiero avisar q en mi calle no hay luz en los postes,reporte_alumbrado_publico,reporte_alumbrado_publico,OK,REVISIÓN SIMULADA (automática; no la hizo una persona),SIMULADO — datos de prueba; no son hallazgos de campo
R0106,hice un reclamo hace unos dias y quiero saber si ya hay respuesta,estado_reclamo,estado_reclamo,OK,REVISIÓN SIMULADA (automática; no la hizo una persona),SIMULADO — datos de prueba; no son hallazgos de campo
R0107,como llego a la muni provincial de san roman,ubicacion_oficinas,ubicacion_oficinas,OK,REVISIÓN SIMULADA (automática; no la hizo una persona),SIMULADO — datos de prueba; no son hallazgos de campo
R0108,buenas tardes,saludo,saludo,DESCARTAR,REVISIÓN SIMULADA: descartada por ser idéntica a una frase del corpus sintético (fuga),SIMULADO — datos de prueba; no son hallazgos de campo
R0109,quien gano el partido de ayer,fuera_de_alcance,fuera_de_alcance,OK,REVISIÓN SIMULADA (automática; no la hizo una persona),SIMULADO — datos de prueba; no son hallazgos de campo
R0110,no te entiendo dime mas facil,consulta_no_entendida,consulta_no_entendida,OK,REVISIÓN SIMULADA (automática; no la hizo una persona),SIMULADO — datos de prueba; no son hallazgos de campo
R0111,q requisitos piden pa poner una tiendita,licencia_funcionamiento_requisitos,licencia_funcionamiento_requisitos,OK,REVISIÓN SIMULADA (automática; no la hizo una persona),SIMULADO — datos de prueba; no son hallazgos de campo
R0112,se me vencio la licencia de funcionamiento q hago,renovacion_licencia,renovacion_licencia,OK,REVISIÓN SIMULADA (automática; no la hizo una persona),SIMULADO — datos de prueba; no son hallazgos de campo
R0113,hay fraccionamiento de deudas?,fraccionamiento_deuda,fraccionamiento_deuda,OK,REVISIÓN SIMULADA (automática; no la hizo una persona),SIMULADO — datos de prueba; no son hallazgos de campo
R0114,como pido copia de mi cargo de un tramite,copia_documento,copia_documento,OK,REVISIÓN SIMULADA (automática; no la hizo una persona),SIMULADO — datos de prueba; no son hallazgos de campo
R0115,requisitos para inspeccion de defensa civil,requisitos_defensa_civil,requisitos_defensa_civil,OK,REVISIÓN SIMULADA (automática; no la hizo una persona),SIMULADO — datos de prueba; no son hallazgos de campo
R0116,q requisitos piden para el acta de defuncion,partida_defuncion,partida_defuncion,OK,REVISIÓN SIMULADA (automática; no la hizo una persona),SIMULADO — datos de prueba; no son hallazgos de campo
R0117,el parque cerca de mi casa esta descuidado a donde reclamo,mantenimiento_parques,mantenimiento_parques,OK,REVISIÓN SIMULADA (automática; no la hizo una persona),SIMULADO — datos de prueba; no son hallazgos de campo
R0118,como uso el libro de reclamaciones de la muni,libro_reclamaciones,libro_reclamaciones,OK,REVISIÓN SIMULADA (automática; no la hizo una persona),SIMULADO — datos de prueba; no son hallazgos de campo
R0119,q piden para hacer cualquier tramite,requisitos_generales,requisitos_generales,OK,REVISIÓN SIMULADA (automática; no la hizo una persona),SIMULADO — datos de prueba; no son hallazgos de campo
R0120,listo eso era todo adios,despedida,despedida,OK,REVISIÓN SIMULADA (automática; no la hizo una persona),SIMULADO — datos de prueba; no son hallazgos de campo
R0121,donde reclamo x el agua q no llega,fuera_de_alcance,fuera_de_alcance,OK,REVISIÓN SIMULADA (automática; no la hizo una persona),SIMULADO — datos de prueba; no son hallazgos de campo
R0122,otra vez lo q dijiste,repetir_informacion,repetir_informacion,OK,REVISIÓN SIMULADA (automática; no la hizo una persona),SIMULADO — datos de prueba; no son hallazgos de campo
R0123,hola cuanto es el costo del permiso para mi negocio,licencia_funcionamiento_costo,licencia_funcionamiento_costo,OK,REVISIÓN SIMULADA (automática; no la hizo una persona),SIMULADO — datos de prueba; no son hallazgos de campo
R0124,tengo deuda de mi terreno en la muni? cuanto seria,consulta_deuda_predial,consulta_deuda_predial,OK,REVISIÓN SIMULADA (automática; no la hizo una persona),SIMULADO — datos de prueba; no son hallazgos de campo
R0125,q necesito para la constancia de no adeudo,constancia_no_adeudo,constancia_no_adeudo,OK,REVISIÓN SIMULADA (automática; no la hizo una persona),SIMULADO — datos de prueba; no son hallazgos de campo
R0126,requisitos para constancia de posesion,certificado_posesion,certificado_posesion,OK,REVISIÓN SIMULADA (automática; no la hizo una persona),SIMULADO — datos de prueba; no son hallazgos de campo
R0127,como aviso a serenazgo q hay gente sospechosa,denuncia_seguridad_ciudadana,denuncia_seguridad_ciudadana,OK,REVISIÓN SIMULADA (automática; no la hizo una persona),SIMULADO — datos de prueba; no son hallazgos de campo
R0128,q tramite hay q hacer para corregir un apellido en la partida,rectificacion_partida,rectificacion_partida,OK,REVISIÓN SIMULADA (automática; no la hizo una persona),SIMULADO — datos de prueba; no son hallazgos de campo
R0129,hay un arbol grande en mi vereda q estorba q hago,poda_arboles,poda_arboles,OK,REVISIÓN SIMULADA (automática; no la hizo una persona),SIMULADO — datos de prueba; no son hallazgos de campo
R0130,como denuncio a un empleado q fue grosero conmigo,queja_atencion,queja_atencion,OK,REVISIÓN SIMULADA (automática; no la hizo una persona),SIMULADO — datos de prueba; no son hallazgos de campo
R0131,hay un tarifario de la municipalidad,costos_generales,costos_generales,OK,REVISIÓN SIMULADA (automática; no la hizo una persona),SIMULADO — datos de prueba; no son hallazgos de campo
R0132,mil gracias me ayudo bastante,agradecimiento,agradecimiento,OK,REVISIÓN SIMULADA (automática; no la hizo una persona),SIMULADO — datos de prueba; no son hallazgos de campo
R0133,dime tu opinion sobre mi futuro jaja,fuera_de_alcance,fuera_de_alcance,OK,REVISIÓN SIMULADA (automática; no la hizo una persona),SIMULADO — datos de prueba; no son hallazgos de campo
R0134,en cuanto tiempo me dan mi licencia,licencia_funcionamiento_plazo,licencia_funcionamiento_plazo,OK,REVISIÓN SIMULADA (automática; no la hizo una persona),SIMULADO — datos de prueba; no son hallazgos de campo
R0135,q formas de pago hay para el predial,pago_predial_como,pago_predial_como,OK,REVISIÓN SIMULADA (automática; no la hizo una persona),SIMULADO — datos de prueba; no son hallazgos de campo
R0136,como presento una solicitud por escrito,requisitos_mesa_partes,requisitos_mesa_partes,OK,REVISIÓN SIMULADA (automática; no la hizo una persona),SIMULADO — datos de prueba; no son hallazgos de campo
R0137,donde se saca la constancia domiciliaria,constancia_domiciliaria,constancia_domiciliaria,OK,REVISIÓN SIMULADA (automática; no la hizo una persona),SIMULADO — datos de prueba; no son hallazgos de campo
R0138,como llamo al serenazgo de juliaca,serenazgo_contacto,serenazgo_contacto,OK,REVISIÓN SIMULADA (automática; no la hizo una persona),SIMULADO — datos de prueba; no son hallazgos de campo
R0139,requisitos matrimonio civil en la muni,requisitos_matrimonio_civil,requisitos_matrimonio_civil,OK,REVISIÓN SIMULADA (automática; no la hizo una persona),SIMULADO — datos de prueba; no son hallazgos de campo
R0140,como pido limpieza de calle,limpieza_via_publica,limpieza_via_publica,OK,REVISIÓN SIMULADA (automática; no la hizo una persona),SIMULADO — datos de prueba; no son hallazgos de campo
R0141,como envio una sugerencia a la municipalidad,sugerencia,sugerencia,OK,REVISIÓN SIMULADA (automática; no la hizo una persona),SIMULADO — datos de prueba; no son hallazgos de campo
R0142,tienen telefono o whatsapp para consultas,contacto_telefonico,contacto_telefonico,OK,REVISIÓN SIMULADA (automática; no la hizo una persona),SIMULADO — datos de prueba; no son hallazgos de campo
R0143,correcto,afirmar,afirmar,DESCARTAR,REVISIÓN SIMULADA: descartada por ser idéntica a una frase del corpus sintético (fuga),SIMULADO — datos de prueba; no son hallazgos de campo
R0144,me puede atender una persona real,hablar_con_persona,hablar_con_persona,OK,REVISIÓN SIMULADA (automática; no la hizo una persona),SIMULADO — datos de prueba; no son hallazgos de campo
R0145,requisitos para licencia de construccion,licencia_edificacion_requisitos,licencia_edificacion_requisitos,OK,REVISIÓN SIMULADA (automática; no la hizo una persona),SIMULADO — datos de prueba; no son hallazgos de campo
R0146,donde puedo pagar arbitrios municipales,pago_arbitrios,pago_arbitrios,OK,REVISIÓN SIMULADA (automática; no la hizo una persona),SIMULADO — datos de prueba; no son hallazgos de campo
R0147,deje unos papeles hace tiempo y no me dicen nada como consulto,estado_tramite,estado_tramite,OK,REVISIÓN SIMULADA (automática; no la hizo una persona),SIMULADO — datos de prueba; no son hallazgos de campo
R0148,q hay q hacer para tener el itse,certificado_defensa_civil,certificado_defensa_civil,OK,REVISIÓN SIMULADA (automática; no la hizo una persona),SIMULADO — datos de prueba; no son hallazgos de campo
R0149,donde se tramita el acta de nacimiento,partida_nacimiento,partida_nacimiento,OK,REVISIÓN SIMULADA (automática; no la hizo una persona),SIMULADO — datos de prueba; no son hallazgos de campo
R0150,horario del recojo de basura,horario_recojo_basura,horario_recojo_basura,OK,REVISIÓN SIMULADA (automática; no la hizo una persona),SIMULADO — datos de prueba; no son hallazgos de campo
R0151,como presento un reclamo,presentar_reclamo,presentar_reclamo,OK,REVISIÓN SIMULADA (automática; no la hizo una persona),SIMULADO — datos de prueba; no son hallazgos de campo
R0152,horario de atencion,horario_atencion_general,horario_atencion_general,OK,REVISIÓN SIMULADA (automática; no la hizo una persona),SIMULADO — datos de prueba; no son hallazgos de campo
R0153,como me entero de los comunicados de la muni,redes_sociales_mpsr,redes_sociales_mpsr,OK,REVISIÓN SIMULADA (automática; no la hizo una persona),SIMULADO — datos de prueba; no son hallazgos de campo
R0154,no gracias,negar,negar,DESCARTAR,REVISIÓN SIMULADA: descartada por ser idéntica a una frase del corpus sintético (fuga),SIMULADO — datos de prueba; no son hallazgos de campo
R0155,hola q cosas puedo preguntarte,ayuda_chatbot,ayuda_chatbot,OK,REVISIÓN SIMULADA (automática; no la hizo una persona),SIMULADO — datos de prueba; no son hallazgos de campo
R0156,cuanto tengo q pagar a la muni para construir mi casa,licencia_edificacion_costo,licencia_edificacion_costo,OK,REVISIÓN SIMULADA (automática; no la hizo una persona),SIMULADO — datos de prueba; no son hallazgos de campo
R0157,horario de mesa de partes,horario_mesa_partes,horario_mesa_partes,OK,REVISIÓN SIMULADA (automática; no la hizo una persona),SIMULADO — datos de prueba; no son hallazgos de campo
R0158,como se pide la visita del inspector,inspeccion_tecnica,inspeccion_tecnica,OK,REVISIÓN SIMULADA (automática; no la hizo una persona),SIMULADO — datos de prueba; no son hallazgos de campo
R0159,como pido copia del acta de matrimonio,partida_matrimonio,partida_matrimonio,OK,REVISIÓN SIMULADA (automática; no la hizo una persona),SIMULADO — datos de prueba; no son hallazgos de campo
R0160,como reporto alumbrado publico malogrado,reporte_alumbrado_publico,reporte_alumbrado_publico,OK,REVISIÓN SIMULADA (automática; no la hizo una persona),SIMULADO — datos de prueba; no son hallazgos de campo
R0161,como veo el estado de mi reclamo,estado_reclamo,estado_reclamo,OK,REVISIÓN SIMULADA (automática; no la hizo una persona),SIMULADO — datos de prueba; no son hallazgos de campo
R0162,direccion de la municipalidad,ubicacion_oficinas,ubicacion_oficinas,OK,REVISIÓN SIMULADA (automática; no la hizo una persona),SIMULADO — datos de prueba; no son hallazgos de campo
R0163,hola buen dia,saludo,saludo,OK,REVISIÓN SIMULADA (automática; no la hizo una persona),SIMULADO — datos de prueba; no son hallazgos de campo
R0164,cual es la capital de bolivia,fuera_de_alcance,fuera_de_alcance,OK,REVISIÓN SIMULADA (automática; no la hizo una persona),SIMULADO — datos de prueba; no son hallazgos de campo
R0165,q quieres decir con eso,consulta_no_entendida,consulta_no_entendida,OK,REVISIÓN SIMULADA (automática; no la hizo una persona),SIMULADO — datos de prueba; no son hallazgos de campo
R0166,para abrir mi negocio q tengo q llevar a la muni,licencia_funcionamiento_requisitos,licencia_funcionamiento_requisitos,OK,REVISIÓN SIMULADA (automática; no la hizo una persona),SIMULADO — datos de prueba; no son hallazgos de campo
R0167,quiero renovar mi licencia q requisitos hay,renovacion_licencia,renovacion_licencia,OK,REVISIÓN SIMULADA (automática; no la hizo una persona),SIMULADO — datos de prueba; no son hallazgos de campo
R0168,buenas quisiera pagar mi deuda poco a poco se puede,fraccionamiento_deuda,fraccionamiento_deuda,OK,REVISIÓN SIMULADA (automática; no la hizo una persona),SIMULADO — datos de prueba; no son hallazgos de campo
R0169,buenas ya no tengo mi copia sellada puedo pedir otra,copia_documento,copia_documento,OK,REVISIÓN SIMULADA (automática; no la hizo una persona),SIMULADO — datos de prueba; no son hallazgos de campo
R0170,hola q necesito tener en mi local para la inspeccion de seguridad,requisitos_defensa_civil,requisitos_defensa_civil,OK,REVISIÓN SIMULADA (automática; no la hizo una persona),SIMULADO — datos de prueba; no son hallazgos de campo
R0171,buenas fallecio mi abuelita y necesito el documento para hacer tramites,partida_defuncion,partida_defuncion,OK,REVISIÓN SIMULADA (automática; no la hizo una persona),SIMULADO — datos de prueba; no son hallazgos de campo
R0172,buenas los juegos del parque estan rotos pueden arreglarlos,mantenimiento_parques,mantenimiento_parques,OK,REVISIÓN SIMULADA (automática; no la hizo una persona),SIMULADO — datos de prueba; no son hallazgos de campo
R0173,buenas donde puedo encontrar el libro de reclamos,libro_reclamaciones,libro_reclamaciones,OK,REVISIÓN SIMULADA (automática; no la hizo una persona),SIMULADO — datos de prueba; no son hallazgos de campo
R0174,buenas con dni nomas puedo hacer mi tramite,requisitos_generales,requisitos_generales,OK,REVISIÓN SIMULADA (automática; no la hizo una persona),SIMULADO — datos de prueba; no son hallazgos de campo
R0175,chau,despedida,despedida,OK,REVISIÓN SIMULADA (automática; no la hizo una persona),SIMULADO — datos de prueba; no son hallazgos de campo
R0176,como declaro mis impuestos en la sunat,fuera_de_alcance,fuera_de_alcance,OK,REVISIÓN SIMULADA (automática; no la hizo una persona),SIMULADO — datos de prueba; no son hallazgos de campo
R0177,puedes volver a enviarme la info,repetir_informacion,repetir_informacion,OK,REVISIÓN SIMULADA (automática; no la hizo una persona),SIMULADO — datos de prueba; no son hallazgos de campo
R0178,cuanto cobran por sacar licencia de funcionamiento de un restaurant pequeño,licencia_funcionamiento_costo,licencia_funcionamiento_costo,OK,REVISIÓN SIMULADA (automática; no la hizo una persona),SIMULADO — datos de prueba; no son hallazgos de campo
R0179,buenas quisiera consultar si tengo deudas de autoavaluo,consulta_deuda_predial,consulta_deuda_predial,OK,REVISIÓN SIMULADA (automática; no la hizo una persona),SIMULADO — datos de prueba; no son hallazgos de campo
R0180,hola donde se tramita la constancia de no tener deudas,constancia_no_adeudo,constancia_no_adeudo,OK,REVISIÓN SIMULADA (automática; no la hizo una persona),SIMULADO — datos de prueba; no son hallazgos de campo
R0181,hola q necesito para q la muni me de un papel de q yo ocupo mi terreno,certificado_posesion,certificado_posesion,OK,REVISIÓN SIMULADA (automática; no la hizo una persona),SIMULADO — datos de prueba; no son hallazgos de campo
R0182,buenas hay personas sospechosas cerca de mi casa q hago,denuncia_seguridad_ciudadana,denuncia_seguridad_ciudadana,OK,REVISIÓN SIMULADA (automática; no la hizo una persona),SIMULADO — datos de prueba; no son hallazgos de campo
R0183,hola mi acta de nacimiento esta con error en el apellido q hago,rectificacion_partida,rectificacion_partida,OK,REVISIÓN SIMULADA (automática; no la hizo una persona),SIMULADO — datos de prueba; no son hallazgos de campo
R0184,hola necesito q recorten un arbol de la vereda,poda_arboles,poda_arboles,OK,REVISIÓN SIMULADA (automática; no la hizo una persona),SIMULADO — datos de prueba; no son hallazgos de campo
R0185,hola quiero quejarme de un servidor q me atendio de mala manera,queja_atencion,queja_atencion,OK,REVISIÓN SIMULADA (automática; no la hizo una persona),SIMULADO — datos de prueba; no son hallazgos de campo
R0186,hola cuanto se paga en general por los tramites,costos_generales,costos_generales,OK,REVISIÓN SIMULADA (automática; no la hizo una persona),SIMULADO — datos de prueba; no son hallazgos de campo
R0187,gracias por responderme,agradecimiento,agradecimiento,OK,REVISIÓN SIMULADA (automática; no la hizo una persona),SIMULADO — datos de prueba; no son hallazgos de campo
R0188,puedes decirme un chiste de juliaca,fuera_de_alcance,fuera_de_alcance,OK,REVISIÓN SIMULADA (automática; no la hizo una persona),SIMULADO — datos de prueba; no son hallazgos de campo
R0189,buenas cuantos dias tarda para q me entreguen la licencia de mi negocio,licencia_funcionamiento_plazo,licencia_funcionamiento_plazo,OK,REVISIÓN SIMULADA (automática; no la hizo una persona),SIMULADO — datos de prueba; no son hallazgos de campo
R0190,buenas q requisitos hay para presentar un escrito en la muni,requisitos_mesa_partes,requisitos_mesa_partes,OK,REVISIÓN SIMULADA (automática; no la hizo una persona),SIMULADO — datos de prueba; no son hallazgos de campo
R0191,buenas q requisitos hay para certificado de domicilio,constancia_domiciliaria,constancia_domiciliaria,OK,REVISIÓN SIMULADA (automática; no la hizo una persona),SIMULADO — datos de prueba; no son hallazgos de campo
R0192,hola necesito contactar con serenazgo por donde puedo,serenazgo_contacto,serenazgo_contacto,OK,REVISIÓN SIMULADA (automática; no la hizo una persona),SIMULADO — datos de prueba; no son hallazgos de campo
R0193,hola q necesitamos para el matrimonio civil,requisitos_matrimonio_civil,requisitos_matrimonio_civil,OK,REVISIÓN SIMULADA (automática; no la hizo una persona),SIMULADO — datos de prueba; no son hallazgos de campo
R0194,buenas mi calle esta llena de basura quien la recoge,limpieza_via_publica,limpieza_via_publica,OK,REVISIÓN SIMULADA (automática; no la hizo una persona),SIMULADO — datos de prueba; no son hallazgos de campo
R0195,buenas quiero dar una sugerencia sobre la atencion,sugerencia,sugerencia,OK,REVISIÓN SIMULADA (automática; no la hizo una persona),SIMULADO — datos de prueba; no son hallazgos de campo
R0196,buenas cual es el numero de la municipalidad,contacto_telefonico,contacto_telefonico,OK,REVISIÓN SIMULADA (automática; no la hizo una persona),SIMULADO — datos de prueba; no son hallazgos de campo
R0197,ajá si,afirmar,afirmar,OK,REVISIÓN SIMULADA (automática; no la hizo una persona),SIMULADO — datos de prueba; no son hallazgos de campo
R0198,pasame con un asesor,hablar_con_persona,hablar_con_persona,OK,REVISIÓN SIMULADA (automática; no la hizo una persona),SIMULADO — datos de prueba; no son hallazgos de campo
R0199,buenas q papeles piden para empezar a construir mi 2do piso,licencia_edificacion_requisitos,licencia_edificacion_requisitos,OK,REVISIÓN SIMULADA (automática; no la hizo una persona),SIMULADO — datos de prueba; no son hallazgos de campo
R0200,buenas como pago el recojo de basura y serenazgo q me llego,pago_arbitrios,pago_arbitrios,OK,REVISIÓN SIMULADA (automática; no la hizo una persona),SIMULADO — datos de prueba; no son hallazgos de campo
R0201,buenas como puedo hacer seguimiento a mi tramite,estado_tramite,estado_tramite,OK,REVISIÓN SIMULADA (automática; no la hizo una persona),SIMULADO — datos de prueba; no son hallazgos de campo
R0202,hola para q funcione mi negocio piden defensa civil como se tramita,certificado_defensa_civil,certificado_defensa_civil,OK,REVISIÓN SIMULADA (automática; no la hizo una persona),SIMULADO — datos de prueba; no son hallazgos de campo
R0203,buenas q requisitos para partida de nacimiento,partida_nacimiento,partida_nacimiento,OK,REVISIÓN SIMULADA (automática; no la hizo una persona),SIMULADO — datos de prueba; no son hallazgos de campo
R0204,buenas el camion no paso hoy cuando pasa,horario_recojo_basura,horario_recojo_basura,OK,REVISIÓN SIMULADA (automática; no la hizo una persona),SIMULADO — datos de prueba; no son hallazgos de campo
R0205,buenas quiero reclamar x la atencion de mi expediente,presentar_reclamo,presentar_reclamo,OK,REVISIÓN SIMULADA (automática; no la hizo una persona),SIMULADO — datos de prueba; no son hallazgos de campo
R0206,buenas desde q hora hasta q hora atienden,horario_atencion_general,horario_atencion_general,OK,REVISIÓN SIMULADA (automática; no la hizo una persona),SIMULADO — datos de prueba; no son hallazgos de campo
R0207,hola cual es la pagina de facebook de la municipalidad,redes_sociales_mpsr,redes_sociales_mpsr,OK,REVISIÓN SIMULADA (automática; no la hizo una persona),SIMULADO — datos de prueba; no son hallazgos de campo
R0208,no es lo q busco,negar,negar,OK,REVISIÓN SIMULADA (automática; no la hizo una persona),SIMULADO — datos de prueba; no son hallazgos de campo
R0209,en q me puedes ayudar,ayuda_chatbot,ayuda_chatbot,OK,REVISIÓN SIMULADA (automática; no la hizo una persona),SIMULADO — datos de prueba; no son hallazgos de campo
R0210,hola acabo de comprar un lote y debo pagar un impuesto como es,impuesto_alcabala,impuesto_alcabala,OK,REVISIÓN SIMULADA (automática; no la hizo una persona),SIMULADO — datos de prueba; no son hallazgos de campo
R0211,hola mesa de partes abre los sabados,horario_mesa_partes,horario_mesa_partes,OK,REVISIÓN SIMULADA (automática; no la hizo una persona),SIMULADO — datos de prueba; no son hallazgos de campo
R0212,buenas como solicito q un inspector revise mi local,inspeccion_tecnica,inspeccion_tecnica,OK,REVISIÓN SIMULADA (automática; no la hizo una persona),SIMULADO — datos de prueba; no son hallazgos de campo
R0213,hola donde saco una nueva partida de matrimonio,partida_matrimonio,partida_matrimonio,OK,REVISIÓN SIMULADA (automática; no la hizo una persona),SIMULADO — datos de prueba; no son hallazgos de campo
R0214,hola mi cuadra esta oscura x q un poste no funciona a quien aviso,reporte_alumbrado_publico,reporte_alumbrado_publico,OK,REVISIÓN SIMULADA (automática; no la hizo una persona),SIMULADO — datos de prueba; no son hallazgos de campo
R0215,hola mi reclamo ya fue atendido,estado_reclamo,estado_reclamo,OK,REVISIÓN SIMULADA (automática; no la hizo una persona),SIMULADO — datos de prueba; no son hallazgos de campo
R0216,hola no conozco el local de la muni donde esta,ubicacion_oficinas,ubicacion_oficinas,OK,REVISIÓN SIMULADA (automática; no la hizo una persona),SIMULADO — datos de prueba; no son hallazgos de campo
R0217,buenas,saludo,saludo,DESCARTAR,REVISIÓN SIMULADA: descartada por ser idéntica a una frase del corpus sintético (fuga),SIMULADO — datos de prueba; no son hallazgos de campo
R0218,q hace frio hoy no? va a llover,fuera_de_alcance,fuera_de_alcance,OK,REVISIÓN SIMULADA (automática; no la hizo una persona),SIMULADO — datos de prueba; no son hallazgos de campo
R0219,no comprendo la respuesta,consulta_no_entendida,consulta_no_entendida,OK,REVISIÓN SIMULADA (automática; no la hizo una persona),SIMULADO — datos de prueba; no son hallazgos de campo
R0220,que papeles me piden para la licencia de mi tienda en juliaca,licencia_funcionamiento_requisitos,licencia_funcionamiento_requisitos,OK,REVISIÓN SIMULADA (automática; no la hizo una persona),SIMULADO — datos de prueba; no son hallazgos de campo
R0221,buenas mi licencia esta vencida como la activo otra vez,renovacion_licencia,renovacion_licencia,OK,REVISIÓN SIMULADA (automática; no la hizo una persona),SIMULADO — datos de prueba; no son hallazgos de campo
R0222,donde saco una copia fedateada de lo q presente,copia_documento,copia_documento,OK,REVISIÓN SIMULADA (automática; no la hizo una persona),SIMULADO — datos de prueba; no son hallazgos de campo
R0223,que equipos de seguridad piden pa un local,requisitos_defensa_civil,requisitos_defensa_civil,OK,REVISIÓN SIMULADA (automática; no la hizo una persona),SIMULADO — datos de prueba; no son hallazgos de campo
R0224,donde se saca el certificado de defuncion,partida_defuncion,partida_defuncion,OK,REVISIÓN SIMULADA (automática; no la hizo una persona),SIMULADO — datos de prueba; no son hallazgos de campo
R0225,quiero solicitar q arreglen el parque,mantenimiento_parques,mantenimiento_parques,OK,REVISIÓN SIMULADA (automática; no la hizo una persona),SIMULADO — datos de prueba; no son hallazgos de campo
R0226,libro de reclamos donde queda,libro_reclamaciones,libro_reclamaciones,OK,REVISIÓN SIMULADA (automática; no la hizo una persona),SIMULADO — datos de prueba; no son hallazgos de campo
R0227,q documentos basicos debo llevar,requisitos_generales,requisitos_generales,OK,REVISIÓN SIMULADA (automática; no la hizo una persona),SIMULADO — datos de prueba; no son hallazgos de campo
R0228,bueno gracias q tenga buen dia,despedida,despedida,OK,REVISIÓN SIMULADA (automática; no la hizo una persona),SIMULADO — datos de prueba; no son hallazgos de campo
R0229,a donde denuncio un robo en la policia,fuera_de_alcance,fuera_de_alcance,OK,REVISIÓN SIMULADA (automática; no la hizo una persona),SIMULADO — datos de prueba; no son hallazgos de campo
R0230,no alcance a anotar repitelo por favor,repetir_informacion,repetir_informacion,OK,REVISIÓN SIMULADA (automática; no la hizo una persona),SIMULADO — datos de prueba; no son hallazgos de campo
R0231,precio de la licencia de funcionamiento,licencia_funcionamiento_costo,licencia_funcionamiento_costo,OK,REVISIÓN SIMULADA (automática; no la hizo una persona),SIMULADO — datos de prueba; no son hallazgos de campo
R0232,cuanto debo de predial,consulta_deuda_predial,consulta_deuda_predial,OK,REVISIÓN SIMULADA (automática; no la hizo una persona),SIMULADO — datos de prueba; no son hallazgos de campo
R0233,constancia de no adeudo municipal requisitos y costo,constancia_no_adeudo,constancia_no_adeudo,OK,REVISIÓN SIMULADA (automática; no la hizo una persona),SIMULADO — datos de prueba; no son hallazgos de campo
R0234,donde tramito el certificado de posesion,certificado_posesion,certificado_posesion,OK,REVISIÓN SIMULADA (automática; no la hizo una persona),SIMULADO — datos de prueba; no son hallazgos de campo
R0235,rectificacion de partida requisitos,rectificacion_partida,rectificacion_partida,OK,REVISIÓN SIMULADA (automática; no la hizo una persona),SIMULADO — datos de prueba; no son hallazgos de campo
R0236,poda de arboles como se pide,poda_arboles,poda_arboles,OK,REVISIÓN SIMULADA (automática; no la hizo una persona),SIMULADO — datos de prueba; no son hallazgos de campo
R0237,mala atencion de un trabajador a quien aviso,queja_atencion,queja_atencion,OK,REVISIÓN SIMULADA (automática; no la hizo una persona),SIMULADO — datos de prueba; no son hallazgos de campo
R0238,quiero ver los costos de todos los tramites,costos_generales,costos_generales,OK,REVISIÓN SIMULADA (automática; no la hizo una persona),SIMULADO — datos de prueba; no son hallazgos de campo
R0239,ok grasias,agradecimiento,agradecimiento,OK,REVISIÓN SIMULADA (automática; no la hizo una persona),SIMULADO — datos de prueba; no son hallazgos de campo
R0240,ayudame a resolver mi tarea de historia,fuera_de_alcance,fuera_de_alcance,OK,REVISIÓN SIMULADA (automática; no la hizo una persona),SIMULADO — datos de prueba; no son hallazgos de campo
R0241,cuando estara lista mi licencia ya presente todo,licencia_funcionamiento_plazo,licencia_funcionamiento_plazo,OK,REVISIÓN SIMULADA (automática; no la hizo una persona),SIMULADO — datos de prueba; no son hallazgos de campo
R0242,puedo pagar mi predial en el banco o solo en la municipalidad,pago_predial_como,pago_predial_como,OK,REVISIÓN SIMULADA (automática; no la hizo una persona),SIMULADO — datos de prueba; no son hallazgos de campo
R0243,para hacer una solicitud q debo llevar,requisitos_mesa_partes,requisitos_mesa_partes,OK,REVISIÓN SIMULADA (automática; no la hizo una persona),SIMULADO — datos de prueba; no son hallazgos de campo
R0244,necesito constancia de domicilio como la tramito en la muni,constancia_domiciliaria,constancia_domiciliaria,OK,REVISIÓN SIMULADA (automática; no la hizo una persona),SIMULADO — datos de prueba; no son hallazgos de campo
R0245,tienen whatsapp serenazgo,serenazgo_contacto,serenazgo_contacto,OK,REVISIÓN SIMULADA (automática; no la hizo una persona),SIMULADO — datos de prueba; no son hallazgos de campo
R0246,q documentos tenemos q llevar mi novia y yo para casarnos,requisitos_matrimonio_civil,requisitos_matrimonio_civil,OK,REVISIÓN SIMULADA (automática; no la hizo una persona),SIMULADO — datos de prueba; no son hallazgos de campo
R0247,reporte de basura acumulada en la via,limpieza_via_publica,limpieza_via_publica,OK,REVISIÓN SIMULADA (automática; no la hizo una persona),SIMULADO — datos de prueba; no son hallazgos de campo
R0248,se me ocurrio algo para mejorar el servicio donde lo digo,sugerencia,sugerencia,OK,REVISIÓN SIMULADA (automática; no la hizo una persona),SIMULADO — datos de prueba; no son hallazgos de campo
R0249,por q medio me puedo comunicar sin ir hasta alla,contacto_telefonico,contacto_telefonico,OK,REVISIÓN SIMULADA (automática; no la hizo una persona),SIMULADO — datos de prueba; no son hallazgos de campo
R0250,sip,afirmar,afirmar,OK,REVISIÓN SIMULADA (automática; no la hizo una persona),SIMULADO — datos de prueba; no son hallazgos de campo
R0251,no quiero hablar con un programa quiero una persona,hablar_con_persona,hablar_con_persona,OK,REVISIÓN SIMULADA (automática; no la hizo una persona),SIMULADO — datos de prueba; no son hallazgos de campo
R0252,para ampliar mi casa q documentos debo llevar a la municipalidad,licencia_edificacion_requisitos,licencia_edificacion_requisitos,OK,REVISIÓN SIMULADA (automática; no la hizo una persona),SIMULADO — datos de prueba; no son hallazgos de campo
R0253,quiero pagar mis arbitrios como se hace,pago_arbitrios,pago_arbitrios,OK,REVISIÓN SIMULADA (automática; no la hizo una persona),SIMULADO — datos de prueba; no son hallazgos de campo
R0254,ya esta listo mi tramite,estado_tramite,estado_tramite,OK,REVISIÓN SIMULADA (automática; no la hizo una persona),SIMULADO — datos de prueba; no son hallazgos de campo
R0255,certificado de seguridad en edificaciones como lo saco,certificado_defensa_civil,certificado_defensa_civil,OK,REVISIÓN SIMULADA (automática; no la hizo una persona),SIMULADO — datos de prueba; no son hallazgos de campo
R0256,necesito mi partida de nacimiento como la consigo,partida_nacimiento,partida_nacimiento,OK,REVISIÓN SIMULADA (automática; no la hizo una persona),SIMULADO — datos de prueba; no son hallazgos de campo
R0257,q dias y a q hora pasa el recolector por mi zona,horario_recojo_basura,horario_recojo_basura,OK,REVISIÓN SIMULADA (automática; no la hizo una persona),SIMULADO — datos de prueba; no son hallazgos de campo
R0258,donde hago mi reclamo si no me resolvieron bien,presentar_reclamo,presentar_reclamo,OK,REVISIÓN SIMULADA (automática; no la hizo una persona),SIMULADO — datos de prueba; no son hallazgos de campo
R0259,la municipalidad abre sabado?,horario_atencion_general,horario_atencion_general,OK,REVISIÓN SIMULADA (automática; no la hizo una persona),SIMULADO — datos de prueba; no son hallazgos de campo
R0260,donde veo los avisos de la muni por internet,redes_sociales_mpsr,redes_sociales_mpsr,OK,REVISIÓN SIMULADA (automática; no la hizo una persona),SIMULADO — datos de prueba; no son hallazgos de campo
R0261,nop otra cosa,negar,negar,OK,REVISIÓN SIMULADA (automática; no la hizo una persona),SIMULADO — datos de prueba; no son hallazgos de campo
R0262,ayuda q puedo consultar aqui,ayuda_chatbot,ayuda_chatbot,OK,REVISIÓN SIMULADA (automática; no la hizo una persona),SIMULADO — datos de prueba; no son hallazgos de campo
R0263,cuanto me cobran para autorizar la construccion de mi terreno,licencia_edificacion_costo,licencia_edificacion_costo,OK,REVISIÓN SIMULADA (automática; no la hizo una persona),SIMULADO — datos de prueba; no son hallazgos de campo
R0264,alcabala como se paga,impuesto_alcabala,impuesto_alcabala,OK,REVISIÓN SIMULADA (automática; no la hizo una persona),SIMULADO — datos de prueba; no son hallazgos de campo
R0265,a q hora puedo ir a dejar mis papeles,horario_mesa_partes,horario_mesa_partes,OK,REVISIÓN SIMULADA (automática; no la hizo una persona),SIMULADO — datos de prueba; no son hallazgos de campo
R0266,q tengo q hacer para q vengan a revisar mi tienda,inspeccion_tecnica,inspeccion_tecnica,OK,REVISIÓN SIMULADA (automática; no la hizo una persona),SIMULADO — datos de prueba; no son hallazgos de campo
R0267,q hago si no tengo mi partida de matrimonio,partida_matrimonio,partida_matrimonio,OK,REVISIÓN SIMULADA (automática; no la hizo una persona),SIMULADO — datos de prueba; no son hallazgos de campo
R0268,reporte de poste apagado,reporte_alumbrado_publico,reporte_alumbrado_publico,OK,REVISIÓN SIMULADA (automática; no la hizo una persona),SIMULADO — datos de prueba; no son hallazgos de campo
R0269,quiero saber si ya me contestaron el reclamo q puse,estado_reclamo,estado_reclamo,OK,REVISIÓN SIMULADA (automática; no la hizo una persona),SIMULADO — datos de prueba; no son hallazgos de campo
R0270,en q calle queda la municipalidad de juliaca,ubicacion_oficinas,ubicacion_oficinas,OK,REVISIÓN SIMULADA (automática; no la hizo una persona),SIMULADO — datos de prueba; no son hallazgos de campo
R0271,hola q tal,saludo,saludo,OK,REVISIÓN SIMULADA (automática; no la hizo una persona),SIMULADO — datos de prueba; no son hallazgos de campo
R0272,cuantos habitantes tiene puno,fuera_de_alcance,fuera_de_alcance,OK,REVISIÓN SIMULADA (automática; no la hizo una persona),SIMULADO — datos de prueba; no son hallazgos de campo
R0273,explicame otra vez no entendi nada,consulta_no_entendida,consulta_no_entendida,OK,REVISIÓN SIMULADA (automática; no la hizo una persona),SIMULADO — datos de prueba; no son hallazgos de campo
