participant_code,form,scenario_id,text,ESTADO
P01,A,S01,hola q papeles necesito para abrir mi tienda,SIMULADO — datos de prueba; no son hallazgos de campo
P01,A,S06,mi licencia ya vencio como la renuevo,SIMULADO — datos de prueba; no son hallazgos de campo
P01,A,S11,puedo pagar mi deuda de impuestos en cuotas,SIMULADO — datos de prueba; no son hallazgos de campo
P01,A,S16,perdi la copia de mi documento q presente como la recupero,SIMULADO — datos de prueba; no son hallazgos de campo
P01,A,S21,q cosas debo tener listas para la revision de seguridad,SIMULADO — datos de prueba; no son hallazgos de campo
P01,A,S26,murio mi tio y necesito el acta de defuncion como se saca,SIMULADO — datos de prueba; no son hallazgos de campo
P01,A,S31,el parque esta abandonado y los juegos malogrados quiero q lo arreglen,SIMULADO — datos de prueba; no son hallazgos de campo
P01,A,S36,donde esta el libro de reclamaciones,SIMULADO — datos de prueba; no son hallazgos de campo
P01,A,S41,basta con mi dni para hacer un tramite,SIMULADO — datos de prueba; no son hallazgos de campo
P01,A,S46,gracias chau,SIMULADO — datos de prueba; no son hallazgos de campo
P01,A,S51,como pago mi recibo de luz,SIMULADO — datos de prueba; no son hallazgos de campo
P01,A,S56,repite porfa no alcance a leer,SIMULADO — datos de prueba; no son hallazgos de campo
P02,B,S02,cuanto cuesta la licencia pa mi tienda,SIMULADO — datos de prueba; no son hallazgos de campo
P02,B,S07,quiero saber si debo predial,SIMULADO — datos de prueba; no son hallazgos de campo
P02,B,S12,como saco constancia de no adeudo,SIMULADO — datos de prueba; no son hallazgos de campo
P02,B,S17,como saco certificado de posesion,SIMULADO — datos de prueba; no son hallazgos de campo
P02,B,S22,hay gente sospechosa en mi cuadra a quien aviso,SIMULADO — datos de prueba; no son hallazgos de campo
P02,B,S32,un arbol tapa la vereda quiero q lo corten,SIMULADO — datos de prueba; no son hallazgos de campo
P02,B,S37,un trabajador me atendio mal quiero reportarlo,SIMULADO — datos de prueba; no son hallazgos de campo
P02,B,S42,cuanto cuestan los tramites,SIMULADO — datos de prueba; no son hallazgos de campo
P02,B,S47,gracias,SIMULADO — datos de prueba; no son hallazgos de campo
P02,B,S52,cuentame un chiste,SIMULADO — datos de prueba; no son hallazgos de campo
P03,C,S03,cuantos dias demora la licencia de funcionamiento,SIMULADO — datos de prueba; no son hallazgos de campo
P03,C,S08,donde pago el impuesto predial,SIMULADO — datos de prueba; no son hallazgos de campo
P03,C,S13,q tengo q llevar para presentar una solicitud,SIMULADO — datos de prueba; no son hallazgos de campo
P03,C,S18,como saco mi constancia de domicilio,SIMULADO — datos de prueba; no son hallazgos de campo
P03,C,S23,como me comunico con serenazgo,SIMULADO — datos de prueba; no son hallazgos de campo
P03,C,S28,q papeles piden para casarse por civil,SIMULADO — datos de prueba; no son hallazgos de campo
P03,C,S38,tengo una idea para mejorar la atencion,SIMULADO — datos de prueba; no son hallazgos de campo
P03,C,S43,a q numero puedo llamar a la municipalidad,SIMULADO — datos de prueba; no son hallazgos de campo
P03,C,S48,si,SIMULADO — datos de prueba; no son hallazgos de campo
P03,C,S53,quiero hablar con una persona,SIMULADO — datos de prueba; no son hallazgos de campo
P04,D,S04,q documentos necesito para construir un segundo piso,SIMULADO — datos de prueba; no son hallazgos de campo
P04,D,S09,como pago los arbitrios,SIMULADO — datos de prueba; no son hallazgos de campo
P04,D,S14,como va mi tramite q deje hace semanas,SIMULADO — datos de prueba; no son hallazgos de campo
P04,D,S19,como se saca el certificado de defensa civil,SIMULADO — datos de prueba; no son hallazgos de campo
P04,D,S24,como saco mi partida de nacimiento,SIMULADO — datos de prueba; no son hallazgos de campo
P04,D,S29,a q hora pasa el camion de basura,SIMULADO — datos de prueba; no son hallazgos de campo
P04,D,S34,quiero hacer un reclamo formal x mi tramite,SIMULADO — datos de prueba; no son hallazgos de campo
P04,D,S39,a q hora abre la municipalidad,SIMULADO — datos de prueba; no son hallazgos de campo
P04,D,S44,donde puedo seguir a la municipalidad en facebook,SIMULADO — datos de prueba; no son hallazgos de campo
P04,D,S49,no,SIMULADO — datos de prueba; no son hallazgos de campo
P04,D,S54,q puedes hacer,SIMULADO — datos de prueba; no son hallazgos de campo
P05,E,S05,cuanto cobran por la licencia de construccion,SIMULADO — datos de prueba; no son hallazgos de campo
P05,E,S10,compre un terreno y me dicen q hay q pagar alcabala q es eso,SIMULADO — datos de prueba; no son hallazgos de campo
P05,E,S15,hasta q hora atiende mesa de partes,SIMULADO — datos de prueba; no son hallazgos de campo
P05,E,S20,como pido q vengan a inspeccionar mi local,SIMULADO — datos de prueba; no son hallazgos de campo
P05,E,S25,perdi mi acta de matrimonio como saco otra,SIMULADO — datos de prueba; no son hallazgos de campo
P05,E,S30,un poste de mi calle no prende como reporto,SIMULADO — datos de prueba; no son hallazgos de campo
P05,E,S35,ya respondieron mi reclamo,SIMULADO — datos de prueba; no son hallazgos de campo
P05,E,S40,donde queda la municipalidad,SIMULADO — datos de prueba; no son hallazgos de campo
P05,E,S45,hola,SIMULADO — datos de prueba; no son hallazgos de campo
P05,E,S50,como estara el clima mañana en juliaca,SIMULADO — datos de prueba; no son hallazgos de campo
P05,E,S55,no entendi puedes explicar de nuevo,SIMULADO — datos de prueba; no son hallazgos de campo
P06,A,S01,buenas tardes quisiera saber que documentos piden para sacar licencia de funcionamiento de una bodega,SIMULADO — datos de prueba; no son hallazgos de campo
P06,A,S06,como hago para renovar el permiso de mi negocio que ya caduco,SIMULADO — datos de prueba; no son hallazgos de campo
P06,A,S11,debo varios años de predial y no puedo pagar todo junto hay facilidades,SIMULADO — datos de prueba; no son hallazgos de campo
P06,A,S16,necesito una copia sellada de un documento q presente antes,SIMULADO — datos de prueba; no son hallazgos de campo
P06,A,S21,q piden en defensa civil extintor planos q mas,SIMULADO — datos de prueba; no son hallazgos de campo
P06,A,S26,como saco la partida de defuncion de un familiar,SIMULADO — datos de prueba; no son hallazgos de campo
P06,A,S31,como pido mantenimiento para el parque de mi barrio,SIMULADO — datos de prueba; no son hallazgos de campo
P06,A,S36,quiero dejar mi queja en el libro de reclamos como se usa,SIMULADO — datos de prueba; no son hallazgos de campo
P06,A,S41,para un tramite solo llevo dni o necesito algo mas,SIMULADO — datos de prueba; no son hallazgos de campo
P06,A,S46,ok muchas gracias hasta luego,SIMULADO — datos de prueba; no son hallazgos de campo
P06,A,S51,como saco mi dni en reniec,SIMULADO — datos de prueba; no son hallazgos de campo
P06,A,S56,me puedes repetir la informacion no la anote,SIMULADO — datos de prueba; no son hallazgos de campo
P07,B,S02,cuanto se paga por la licencia de funcionamiento,SIMULADO — datos de prueba; no son hallazgos de campo
P07,B,S07,como puedo ver cuanto debo de impuesto predial de mi casa,SIMULADO — datos de prueba; no son hallazgos de campo
P07,B,S12,me piden un papel q diga q no debo nada a la muni como lo consigo,SIMULADO — datos de prueba; no son hallazgos de campo
P07,B,S17,vivo en un terreno sin titulo y me piden un certificado de posesion como se tramita,SIMULADO — datos de prueba; no son hallazgos de campo
P07,B,S22,quiero denunciar personas raras q rondan mi calle,SIMULADO — datos de prueba; no son hallazgos de campo
P07,B,S27,como se rectifica una partida de nacimiento con error en apellido,SIMULADO — datos de prueba; no son hallazgos de campo
P07,B,S32,como solicito poda de un arbol q bloquea el paso,SIMULADO — datos de prueba; no son hallazgos de campo
P07,B,S37,me trataron mal en la muni donde pongo mi queja,SIMULADO — datos de prueba; no son hallazgos de campo
P07,B,S42,donde veo la lista de precios de los tramites de la muni,SIMULADO — datos de prueba; no son hallazgos de campo
P07,B,S47,muchas gracias por la informacion,SIMULADO — datos de prueba; no son hallazgos de campo
P07,B,S52,hazme mi tarea de matematicas,SIMULADO — datos de prueba; no son hallazgos de campo
P08,C,S03,ya entregue mis documentos y cuanto tiempo se demoran en darme el permiso,SIMULADO — datos de prueba; no son hallazgos de campo
P08,C,S08,como puedo pagar mi predial desde mi celular o tengo q ir a la muni,SIMULADO — datos de prueba; no son hallazgos de campo
P08,C,S13,quiero entregar un documento a mesa de partes que necesito,SIMULADO — datos de prueba; no son hallazgos de campo
P08,C,S18,me piden un documento q pruebe donde vivo q hago,SIMULADO — datos de prueba; no son hallazgos de campo
P08,C,S23,q numero de serenazgo hay,SIMULADO — datos de prueba; no son hallazgos de campo
P08,C,S28,mi pareja y yo queremos casarnos q requisitos hay,SIMULADO — datos de prueba; no son hallazgos de campo
P08,C,S33,quiero q limpien la basura de mi cuadra,SIMULADO — datos de prueba; no son hallazgos de campo
P08,C,S38,quisiera sugerir q pongan mas ventanillas para atender mas rapido,SIMULADO — datos de prueba; no son hallazgos de campo
P08,C,S43,prefiero llamar x telefono como me comunico con la muni,SIMULADO — datos de prueba; no son hallazgos de campo
P08,C,S48,si asi es,SIMULADO — datos de prueba; no son hallazgos de campo
P08,C,S53,prefiero q me atienda alguien no un robot,SIMULADO — datos de prueba; no son hallazgos de campo
P09,D,S04,quiero hacer el segundo piso de mi casa que tengo q presentar,SIMULADO — datos de prueba; no son hallazgos de campo
P09,D,S09,me llego un cobro de limpieza y serenazgo donde lo pago,SIMULADO — datos de prueba; no son hallazgos de campo
P09,D,S14,quiero saber en q estado esta mi expediente,SIMULADO — datos de prueba; no son hallazgos de campo
P09,D,S19,mi local necesita certificado de seguridad como lo obtengo,SIMULADO — datos de prueba; no son hallazgos de campo
P09,D,S24,me piden partida de nacimiento y no se donde sacarla,SIMULADO — datos de prueba; no son hallazgos de campo
P09,D,S29,hoy no paso el carro de la basura por mi calle a q hora suele pasar,SIMULADO — datos de prueba; no son hallazgos de campo
P09,D,S34,no estoy conforme como me resolvieron mi tramite como reclamo,SIMULADO — datos de prueba; no son hallazgos de campo
P09,D,S39,q horario de atencion tiene la muni y abren los sabados,SIMULADO — datos de prueba; no son hallazgos de campo
P09,D,S44,tienen redes sociales para ver los avisos oficiales,SIMULADO — datos de prueba; no son hallazgos de campo
P09,D,S49,no eso no queria,SIMULADO — datos de prueba; no son hallazgos de campo
P09,D,S54,para q sirve este asistente,SIMULADO — datos de prueba; no son hallazgos de campo
P10,E,S05,cuanto cuesta el permiso para construir en mi terreno,SIMULADO — datos de prueba; no son hallazgos de campo
P10,E,S10,que es la alcabala y cuanto se paga,SIMULADO — datos de prueba; no son hallazgos de campo
P10,E,S15,q dias y horas puedo ir a dejar un documento,SIMULADO — datos de prueba; no son hallazgos de campo
P10,E,S20,quiero una inspeccion tecnica de seguridad para mi negocio como se solicita,SIMULADO — datos de prueba; no son hallazgos de campo
P10,E,S25,me piden partida de matrimonio y no encuentro el original,SIMULADO — datos de prueba; no son hallazgos de campo
P10,E,S30,quiero avisar q en mi calle no hay luz en los postes,SIMULADO — datos de prueba; no son hallazgos de campo
P10,E,S35,hice un reclamo hace unos dias y quiero saber si ya hay respuesta,SIMULADO — datos de prueba; no son hallazgos de campo
P10,E,S40,como llego a la muni provincial de san roman,SIMULADO — datos de prueba; no son hallazgos de campo
P10,E,S45,buenas tardes,SIMULADO — datos de prueba; no son hallazgos de campo
P10,E,S50,quien gano el partido de ayer,SIMULADO — datos de prueba; no son hallazgos de campo
P10,E,S55,no te entiendo dime mas facil,SIMULADO — datos de prueba; no son hallazgos de campo
P11,A,S01,q requisitos piden pa poner una tiendita,SIMULADO — datos de prueba; no son hallazgos de campo
P11,A,S06,se me vencio la licencia de funcionamiento q hago,SIMULADO — datos de prueba; no son hallazgos de campo
P11,A,S11,hay fraccionamiento de deudas?,SIMULADO — datos de prueba; no son hallazgos de campo
P11,A,S16,como pido copia de mi cargo de un tramite,SIMULADO — datos de prueba; no son hallazgos de campo
P11,A,S21,requisitos para inspeccion de defensa civil,SIMULADO — datos de prueba; no son hallazgos de campo
P11,A,S26,q requisitos piden para el acta de defuncion,SIMULADO — datos de prueba; no son hallazgos de campo
P11,A,S31,el parque cerca de mi casa esta descuidado a donde reclamo,SIMULADO — datos de prueba; no son hallazgos de campo
P11,A,S36,como uso el libro de reclamaciones de la muni,SIMULADO — datos de prueba; no son hallazgos de campo
P11,A,S41,q piden para hacer cualquier tramite,SIMULADO — datos de prueba; no son hallazgos de campo
P11,A,S46,listo eso era todo adios,SIMULADO — datos de prueba; no son hallazgos de campo
P11,A,S51,donde reclamo x el agua q no llega,SIMULADO — datos de prueba; no son hallazgos de campo
P11,A,S56,otra vez lo q dijiste,SIMULADO — datos de prueba; no son hallazgos de campo
P12,B,S02,hola cuanto es el costo del permiso para mi negocio,SIMULADO — datos de prueba; no son hallazgos de campo
P12,B,S07,tengo deuda de mi terreno en la muni? cuanto seria,SIMULADO — datos de prueba; no son hallazgos de campo
P12,B,S12,q necesito para la constancia de no adeudo,SIMULADO — datos de prueba; no son hallazgos de campo
P12,B,S17,requisitos para constancia de posesion,SIMULADO — datos de prueba; no son hallazgos de campo
P12,B,S22,como aviso a serenazgo q hay gente sospechosa,SIMULADO — datos de prueba; no son hallazgos de campo
P12,B,S27,q tramite hay q hacer para corregir un apellido en la partida,SIMULADO — datos de prueba; no son hallazgos de campo
P12,B,S32,hay un arbol grande en mi vereda q estorba q hago,SIMULADO — datos de prueba; no son hallazgos de campo
P12,B,S37,como denuncio a un empleado q fue grosero conmigo,SIMULADO — datos de prueba; no son hallazgos de campo
P12,B,S42,hay un tarifario de la municipalidad,SIMULADO — datos de prueba; no son hallazgos de campo
P12,B,S47,mil gracias me ayudo bastante,SIMULADO — datos de prueba; no son hallazgos de campo
P12,B,S52,dime tu opinion sobre mi futuro jaja,SIMULADO — datos de prueba; no son hallazgos de campo
P13,C,S03,en cuanto tiempo me dan mi licencia,SIMULADO — datos de prueba; no son hallazgos de campo
P13,C,S08,q formas de pago hay para el predial,SIMULADO — datos de prueba; no son hallazgos de campo
P13,C,S13,como presento una solicitud por escrito,SIMULADO — datos de prueba; no son hallazgos de campo
P13,C,S18,donde se saca la constancia domiciliaria,SIMULADO — datos de prueba; no son hallazgos de campo
P13,C,S23,como llamo al serenazgo de juliaca,SIMULADO — datos de prueba; no son hallazgos de campo
P13,C,S28,requisitos matrimonio civil en la muni,SIMULADO — datos de prueba; no son hallazgos de campo
P13,C,S33,como pido limpieza de calle,SIMULADO — datos de prueba; no son hallazgos de campo
P13,C,S38,como envio una sugerencia a la municipalidad,SIMULADO — datos de prueba; no son hallazgos de campo
P13,C,S43,tienen telefono o whatsapp para consultas,SIMULADO — datos de prueba; no son hallazgos de campo
P13,C,S48,correcto,SIMULADO — datos de prueba; no son hallazgos de campo
P13,C,S53,me puede atender una persona real,SIMULADO — datos de prueba; no son hallazgos de campo
P14,D,S04,requisitos para licencia de construccion,SIMULADO — datos de prueba; no son hallazgos de campo
P14,D,S09,donde puedo pagar arbitrios municipales,SIMULADO — datos de prueba; no son hallazgos de campo
P14,D,S14,deje unos papeles hace tiempo y no me dicen nada como consulto,SIMULADO — datos de prueba; no son hallazgos de campo
P14,D,S19,q hay q hacer para tener el itse,SIMULADO — datos de prueba; no son hallazgos de campo
P14,D,S24,donde se tramita el acta de nacimiento,SIMULADO — datos de prueba; no son hallazgos de campo
P14,D,S29,horario del recojo de basura,SIMULADO — datos de prueba; no son hallazgos de campo
P14,D,S34,como presento un reclamo,SIMULADO — datos de prueba; no son hallazgos de campo
P14,D,S39,horario de atencion,SIMULADO — datos de prueba; no son hallazgos de campo
P14,D,S44,como me entero de los comunicados de la muni,SIMULADO — datos de prueba; no son hallazgos de campo
P14,D,S49,no gracias,SIMULADO — datos de prueba; no son hallazgos de campo
P14,D,S54,hola q cosas puedo preguntarte,SIMULADO — datos de prueba; no son hallazgos de campo
P15,E,S05,cuanto tengo q pagar a la muni para construir mi casa,SIMULADO — datos de prueba; no son hallazgos de campo
P15,E,S15,horario de mesa de partes,SIMULADO — datos de prueba; no son hallazgos de campo
P15,E,S20,como se pide la visita del inspector,SIMULADO — datos de prueba; no son hallazgos de campo
P15,E,S25,como pido copia del acta de matrimonio,SIMULADO — datos de prueba; no son hallazgos de campo
P15,E,S30,como reporto alumbrado publico malogrado,SIMULADO — datos de prueba; no son hallazgos de campo
P15,E,S35,como veo el estado de mi reclamo,SIMULADO — datos de prueba; no son hallazgos de campo
P15,E,S40,direccion de la municipalidad,SIMULADO — datos de prueba; no son hallazgos de campo
P15,E,S45,hola buen dia,SIMULADO — datos de prueba; no son hallazgos de campo
P15,E,S50,cual es la capital de bolivia,SIMULADO — datos de prueba; no son hallazgos de campo
P15,E,S55,q quieres decir con eso,SIMULADO — datos de prueba; no son hallazgos de campo
P16,A,S01,para abrir mi negocio q tengo q llevar a la muni,SIMULADO — datos de prueba; no son hallazgos de campo
P16,A,S06,quiero renovar mi licencia q requisitos hay,SIMULADO — datos de prueba; no son hallazgos de campo
P16,A,S11,buenas quisiera pagar mi deuda poco a poco se puede,SIMULADO — datos de prueba; no son hallazgos de campo
P16,A,S16,buenas ya no tengo mi copia sellada puedo pedir otra,SIMULADO — datos de prueba; no son hallazgos de campo
P16,A,S21,hola q necesito tener en mi local para la inspeccion de seguridad,SIMULADO — datos de prueba; no son hallazgos de campo
P16,A,S26,buenas fallecio mi abuelita y necesito el documento para hacer tramites,SIMULADO — datos de prueba; no son hallazgos de campo
P16,A,S31,buenas los juegos del parque estan rotos pueden arreglarlos,SIMULADO — datos de prueba; no son hallazgos de campo
P16,A,S36,buenas donde puedo encontrar el libro de reclamos,SIMULADO — datos de prueba; no son hallazgos de campo
P16,A,S41,buenas con dni nomas puedo hacer mi tramite,SIMULADO — datos de prueba; no son hallazgos de campo
P16,A,S46,chau,SIMULADO — datos de prueba; no son hallazgos de campo
P16,A,S51,como declaro mis impuestos en la sunat,SIMULADO — datos de prueba; no son hallazgos de campo
P16,A,S56,puedes volver a enviarme la info,SIMULADO — datos de prueba; no son hallazgos de campo
P17,B,S02,cuanto cobran por sacar licencia de funcionamiento de un restaurant pequeño,SIMULADO — datos de prueba; no son hallazgos de campo
P17,B,S07,buenas quisiera consultar si tengo deudas de autoavaluo,SIMULADO — datos de prueba; no son hallazgos de campo
P17,B,S12,hola donde se tramita la constancia de no tener deudas,SIMULADO — datos de prueba; no son hallazgos de campo
P17,B,S17,hola q necesito para q la muni me de un papel de q yo ocupo mi terreno,SIMULADO — datos de prueba; no son hallazgos de campo
P17,B,S22,buenas hay personas sospechosas cerca de mi casa q hago,SIMULADO — datos de prueba; no son hallazgos de campo
P17,B,S27,hola mi acta de nacimiento esta con error en el apellido q hago,SIMULADO — datos de prueba; no son hallazgos de campo
P17,B,S32,hola necesito q recorten un arbol de la vereda,SIMULADO — datos de prueba; no son hallazgos de campo
P17,B,S37,hola quiero quejarme de un servidor q me atendio de mala manera,SIMULADO — datos de prueba; no son hallazgos de campo
P17,B,S42,hola cuanto se paga en general por los tramites,SIMULADO — datos de prueba; no son hallazgos de campo
P17,B,S47,gracias por responderme,SIMULADO — datos de prueba; no son hallazgos de campo
P17,B,S52,puedes decirme un chiste de juliaca,SIMULADO — datos de prueba; no son hallazgos de campo
P18,C,S03,buenas cuantos dias tarda para q me entreguen la licencia de mi negocio,SIMULADO — datos de prueba; no son hallazgos de campo
P18,C,S13,buenas q requisitos hay para presentar un escrito en la muni,SIMULADO — datos de prueba; no son hallazgos de campo
P18,C,S18,buenas q requisitos hay para certificado de domicilio,SIMULADO — datos de prueba; no son hallazgos de campo
P18,C,S23,hola necesito contactar con serenazgo por donde puedo,SIMULADO — datos de prueba; no son hallazgos de campo
P18,C,S28,hola q necesitamos para el matrimonio civil,SIMULADO — datos de prueba; no son hallazgos de campo
P18,C,S33,buenas mi calle esta llena de basura quien la recoge,SIMULADO — datos de prueba; no son hallazgos de campo
P18,C,S38,buenas quiero dar una sugerencia sobre la atencion,SIMULADO — datos de prueba; no son hallazgos de campo
P18,C,S43,buenas cual es el numero de la municipalidad,SIMULADO — datos de prueba; no son hallazgos de campo
P18,C,S48,ajá si,SIMULADO — datos de prueba; no son hallazgos de campo
P18,C,S53,pasame con un asesor,SIMULADO — datos de prueba; no son hallazgos de campo
P19,D,S04,buenas q papeles piden para empezar a construir mi 2do piso,SIMULADO — datos de prueba; no son hallazgos de campo
P19,D,S09,buenas como pago el recojo de basura y serenazgo q me llego,SIMULADO — datos de prueba; no son hallazgos de campo
P19,D,S14,buenas como puedo hacer seguimiento a mi tramite,SIMULADO — datos de prueba; no son hallazgos de campo
P19,D,S19,hola para q funcione mi negocio piden defensa civil como se tramita,SIMULADO — datos de prueba; no son hallazgos de campo
P19,D,S24,buenas q requisitos para partida de nacimiento,SIMULADO — datos de prueba; no son hallazgos de campo
P19,D,S29,buenas el camion no paso hoy cuando pasa,SIMULADO — datos de prueba; no son hallazgos de campo
P19,D,S34,buenas quiero reclamar x la atencion de mi expediente,SIMULADO — datos de prueba; no son hallazgos de campo
P19,D,S39,buenas desde q hora hasta q hora atienden,SIMULADO — datos de prueba; no son hallazgos de campo
P19,D,S44,hola cual es la pagina de facebook de la municipalidad,SIMULADO — datos de prueba; no son hallazgos de campo
P19,D,S49,no es lo q busco,SIMULADO — datos de prueba; no son hallazgos de campo
P19,D,S54,en q me puedes ayudar,SIMULADO — datos de prueba; no son hallazgos de campo
P20,E,S10,hola acabo de comprar un lote y debo pagar un impuesto como es,SIMULADO — datos de prueba; no son hallazgos de campo
P20,E,S15,hola mesa de partes abre los sabados,SIMULADO — datos de prueba; no son hallazgos de campo
P20,E,S20,buenas como solicito q un inspector revise mi local,SIMULADO — datos de prueba; no son hallazgos de campo
P20,E,S25,hola donde saco una nueva partida de matrimonio,SIMULADO — datos de prueba; no son hallazgos de campo
P20,E,S30,hola mi cuadra esta oscura x q un poste no funciona a quien aviso,SIMULADO — datos de prueba; no son hallazgos de campo
P20,E,S35,hola mi reclamo ya fue atendido,SIMULADO — datos de prueba; no son hallazgos de campo
P20,E,S40,hola no conozco el local de la muni donde esta,SIMULADO — datos de prueba; no son hallazgos de campo
P20,E,S45,buenas,SIMULADO — datos de prueba; no son hallazgos de campo
P20,E,S50,q hace frio hoy no? va a llover,SIMULADO — datos de prueba; no son hallazgos de campo
P20,E,S55,no comprendo la respuesta,SIMULADO — datos de prueba; no son hallazgos de campo
P21,A,S01,que papeles me piden para la licencia de mi tienda en juliaca,SIMULADO — datos de prueba; no son hallazgos de campo
P21,A,S06,buenas mi licencia esta vencida como la activo otra vez,SIMULADO — datos de prueba; no son hallazgos de campo
P21,A,S16,donde saco una copia fedateada de lo q presente,SIMULADO — datos de prueba; no son hallazgos de campo
P21,A,S21,que equipos de seguridad piden pa un local,SIMULADO — datos de prueba; no son hallazgos de campo
P21,A,S26,donde se saca el certificado de defuncion,SIMULADO — datos de prueba; no son hallazgos de campo
P21,A,S31,quiero solicitar q arreglen el parque,SIMULADO — datos de prueba; no son hallazgos de campo
P21,A,S36,libro de reclamos donde queda,SIMULADO — datos de prueba; no son hallazgos de campo
P21,A,S41,q documentos basicos debo llevar,SIMULADO — datos de prueba; no son hallazgos de campo
P21,A,S46,bueno gracias q tenga buen dia,SIMULADO — datos de prueba; no son hallazgos de campo
P21,A,S51,a donde denuncio un robo en la policia,SIMULADO — datos de prueba; no son hallazgos de campo
P21,A,S56,no alcance a anotar repitelo por favor,SIMULADO — datos de prueba; no son hallazgos de campo
P22,B,S02,precio de la licencia de funcionamiento,SIMULADO — datos de prueba; no son hallazgos de campo
P22,B,S07,cuanto debo de predial,SIMULADO — datos de prueba; no son hallazgos de campo
P22,B,S12,constancia de no adeudo municipal requisitos y costo,SIMULADO — datos de prueba; no son hallazgos de campo
P22,B,S17,donde tramito el certificado de posesion,SIMULADO — datos de prueba; no son hallazgos de campo
P22,B,S27,rectificacion de partida requisitos,SIMULADO — datos de prueba; no son hallazgos de campo
P22,B,S32,poda de arboles como se pide,SIMULADO — datos de prueba; no son hallazgos de campo
P22,B,S37,mala atencion de un trabajador a quien aviso,SIMULADO — datos de prueba; no son hallazgos de campo
P22,B,S42,quiero ver los costos de todos los tramites,SIMULADO — datos de prueba; no son hallazgos de campo
P22,B,S47,ok grasias,SIMULADO — datos de prueba; no son hallazgos de campo
P22,B,S52,ayudame a resolver mi tarea de historia,SIMULADO — datos de prueba; no son hallazgos de campo
P23,C,S03,cuando estara lista mi licencia ya presente todo,SIMULADO — datos de prueba; no son hallazgos de campo
P23,C,S08,puedo pagar mi predial en el banco o solo en la municipalidad,SIMULADO — datos de prueba; no son hallazgos de campo
P23,C,S13,para hacer una solicitud q debo llevar,SIMULADO — datos de prueba; no son hallazgos de campo
P23,C,S18,necesito constancia de domicilio como la tramito en la muni,SIMULADO — datos de prueba; no son hallazgos de campo
P23,C,S23,tienen whatsapp serenazgo,SIMULADO — datos de prueba; no son hallazgos de campo
P23,C,S28,q documentos tenemos q llevar mi novia y yo para casarnos,SIMULADO — datos de prueba; no son hallazgos de campo
P23,C,S33,reporte de basura acumulada en la via,SIMULADO — datos de prueba; no son hallazgos de campo
P23,C,S38,se me ocurrio algo para mejorar el servicio donde lo digo,SIMULADO — datos de prueba; no son hallazgos de campo
P23,C,S43,por q medio me puedo comunicar sin ir hasta alla,SIMULADO — datos de prueba; no son hallazgos de campo
P23,C,S48,sip,SIMULADO — datos de prueba; no son hallazgos de campo
P23,C,S53,no quiero hablar con un programa quiero una persona,SIMULADO — datos de prueba; no son hallazgos de campo
P24,D,S04,para ampliar mi casa q documentos debo llevar a la municipalidad,SIMULADO — datos de prueba; no son hallazgos de campo
P24,D,S09,quiero pagar mis arbitrios como se hace,SIMULADO — datos de prueba; no son hallazgos de campo
P24,D,S14,ya esta listo mi tramite,SIMULADO — datos de prueba; no son hallazgos de campo
P24,D,S19,certificado de seguridad en edificaciones como lo saco,SIMULADO — datos de prueba; no son hallazgos de campo
P24,D,S24,necesito mi partida de nacimiento como la consigo,SIMULADO — datos de prueba; no son hallazgos de campo
P24,D,S29,q dias y a q hora pasa el recolector por mi zona,SIMULADO — datos de prueba; no son hallazgos de campo
P24,D,S34,donde hago mi reclamo si no me resolvieron bien,SIMULADO — datos de prueba; no son hallazgos de campo
P24,D,S39,la municipalidad abre sabado?,SIMULADO — datos de prueba; no son hallazgos de campo
P24,D,S44,donde veo los avisos de la muni por internet,SIMULADO — datos de prueba; no son hallazgos de campo
P24,D,S49,nop otra cosa,SIMULADO — datos de prueba; no son hallazgos de campo
P24,D,S54,ayuda q puedo consultar aqui,SIMULADO — datos de prueba; no son hallazgos de campo
P25,E,S05,cuanto me cobran para autorizar la construccion de mi terreno,SIMULADO — datos de prueba; no son hallazgos de campo
P25,E,S10,alcabala como se paga,SIMULADO — datos de prueba; no son hallazgos de campo
P25,E,S15,a q hora puedo ir a dejar mis papeles,SIMULADO — datos de prueba; no son hallazgos de campo
P25,E,S20,q tengo q hacer para q vengan a revisar mi tienda,SIMULADO — datos de prueba; no son hallazgos de campo
P25,E,S25,q hago si no tengo mi partida de matrimonio,SIMULADO — datos de prueba; no son hallazgos de campo
P25,E,S30,reporte de poste apagado,SIMULADO — datos de prueba; no son hallazgos de campo
P25,E,S35,quiero saber si ya me contestaron el reclamo q puse,SIMULADO — datos de prueba; no son hallazgos de campo
P25,E,S40,en q calle queda la municipalidad de juliaca,SIMULADO — datos de prueba; no son hallazgos de campo
P25,E,S45,hola q tal,SIMULADO — datos de prueba; no son hallazgos de campo
P25,E,S50,cuantos habitantes tiene puno,SIMULADO — datos de prueba; no son hallazgos de campo
P25,E,S55,explicame otra vez no entendi nada,SIMULADO — datos de prueba; no son hallazgos de campo
