participant_code,form,age_range,vive_en_juliaca,tramite_12m,ESTADO
P01,A,30–44,Sí,Sí,SIMULADO — datos de prueba; no son hallazgos de campo
P02,B,45–59,Sí,Sí,SIMULADO — datos de prueba; no son hallazgos de campo
P03,C,30–44,Sí,Sí,SIMULADO — datos de prueba; no son hallazgos de campo
P04,D,18–29,Sí,Sí,SIMULADO — datos de prueba; no son hallazgos de campo
P05,E,18–29,Sí,Sí,SIMULADO — datos de prueba; no son hallazgos de campo
P06,A,18–29,Sí,Sí,SIMULADO — datos de prueba; no son hallazgos de campo
P07,B,30–44,Sí,No,SIMULADO — datos de prueba; no son hallazgos de campo
P08,C,18–29,Sí,Sí,SIMULADO — datos de prueba; no son hallazgos de campo
P09,D,30–44,No,No,SIMULADO — datos de prueba; no son hallazgos de campo
P10,E,30–44,Sí,Sí,SIMULADO — datos de prueba; no son hallazgos de campo
P11,A,60 a más,Sí,Sí,SIMULADO — datos de prueba; no son hallazgos de campo
P12,B,45–59,Sí,Sí,SIMULADO — datos de prueba; no son hallazgos de campo
P13,C,18–29,Sí,Sí,SIMULADO — datos de prueba; no son hallazgos de campo
P14,D,30–44,Sí,No,SIMULADO — datos de prueba; no son hallazgos de campo
P15,E,18–29,Sí,Sí,SIMULADO — datos de prueba; no son hallazgos de campo
P16,A,30–44,Sí,Sí,SIMULADO — datos de prueba; no son hallazgos de campo
P17,B,30–44,Sí,Sí,SIMULADO — datos de prueba; no son hallazgos de campo
P18,C,18–29,Sí,Sí,SIMULADO — datos de prueba; no son hallazgos de campo
P19,D,45–59,Sí,Sí,SIMULADO — datos de prueba; no son hallazgos de campo
P20,E,30–44,No,Sí,SIMULADO — datos de prueba; no son hallazgos de campo
P21,A,30–44,Sí,Sí,SIMULADO — datos de prueba; no son hallazgos de campo
P22,B,45–59,Sí,No,SIMULADO — datos de prueba; no son hallazgos de campo
P23,C,18–29,Sí,Sí,SIMULADO — datos de prueba; no son hallazgos de campo
P24,D,30–44,Sí,No,SIMULADO — datos de prueba; no son hallazgos de campo
P25,E,45–59,Sí,Sí,SIMULADO — datos de prueba; no son hallazgos de campo
