model,fold,n_test,accuracy,precision_macro,recall_macro,f1_macro,balanced_accuracy
svm,1,141,0.6950354609929078,0.701851851851852,0.6024691358024692,0.6149735449735451,0.7134502923976608
svm,2,144,0.7569444444444444,0.7476190476190475,0.6705426356589148,0.6815883083324944,0.7792792792792792
svm,3,141,0.723404255319149,0.6698851872764916,0.5857487922705314,0.5969140975534838,0.7282282282282282
svm,4,141,0.6808510638297872,0.6613636363636364,0.5795454545454546,0.5903876426603699,0.6891891891891891
svm,5,141,0.8014184397163121,0.7650793650793651,0.7037037037037036,0.7010485810485811,0.7916666666666666
logreg,1,141,0.6028368794326241,0.6299392097264438,0.5177304964539007,0.5339182094501244,0.6403508771929824
logreg,2,144,0.5,0.5608648597779032,0.4613526570048309,0.4744306418219462,0.5735735735735735
logreg,3,141,0.5319148936170213,0.49506722689075633,0.43666666666666665,0.4350108225108225,0.5900900900900901
logreg,4,141,0.6382978723404256,0.6404891304347826,0.5217391304347825,0.5344673442499529,0.6486486486486487
logreg,5,141,0.723404255319149,0.7183906673037107,0.6413043478260869,0.6453986231160144,0.7375
rasa_diet,1,141,0.7375886524822695,0.7110248447204969,0.6292270531400966,0.6381498935846762,0.7616959064327486
rasa_diet,2,144,0.7777777777777778,0.7181818181818183,0.678030303030303,0.6767718244322523,0.8063063063063063
rasa_diet,3,141,0.75177304964539,0.6659420289855073,0.6147342995169083,0.6125316925189048,0.7642642642642642
rasa_diet,4,141,0.75177304964539,0.6648033126293996,0.6159420289855073,0.619465679248288,0.7657657657657658
rasa_diet,5,141,0.8439716312056738,0.779787234042553,0.7127659574468085,0.7280878695772314,0.8375
