fold,utterance_id,intent,predicted
1,U0007,licencia_funcionamiento_requisitos,licencia_funcionamiento_requisitos
1,U0008,licencia_funcionamiento_requisitos,licencia_funcionamiento_requisitos
1,U0009,licencia_funcionamiento_requisitos,licencia_funcionamiento_requisitos
1,U0019,licencia_funcionamiento_costo,licencia_funcionamiento_costo
1,U0020,licencia_funcionamiento_costo,licencia_funcionamiento_costo
1,U0021,licencia_funcionamiento_costo,licencia_funcionamiento_costo
1,U0025,licencia_funcionamiento_plazo,licencia_funcionamiento_costo
1,U0026,licencia_funcionamiento_plazo,licencia_funcionamiento_plazo
1,U0027,licencia_funcionamiento_plazo,licencia_funcionamiento_plazo
1,U0052,licencia_edificacion_costo,licencia_edificacion_costo
1,U0053,licencia_edificacion_costo,licencia_funcionamiento_costo
1,U0054,licencia_edificacion_costo,licencia_funcionamiento_costo
1,U0064,renovacion_licencia,renovacion_licencia
1,U0065,renovacion_licencia,renovacion_licencia
1,U0066,renovacion_licencia,renovacion_licencia
1,U0067,renovacion_licencia,renovacion_licencia
1,U0068,renovacion_licencia,renovacion_licencia
1,U0069,renovacion_licencia,renovacion_licencia
1,U0079,consulta_deuda_predial,consulta_deuda_predial
1,U0080,consulta_deuda_predial,consulta_deuda_predial
1,U0081,consulta_deuda_predial,consulta_deuda_predial
1,U0097,pago_arbitrios,pago_arbitrios
1,U0098,pago_arbitrios,limpieza_via_publica
1,U0099,pago_arbitrios,pago_arbitrios
1,U0112,impuesto_alcabala,impuesto_alcabala
1,U0113,impuesto_alcabala,impuesto_alcabala
1,U0114,impuesto_alcabala,impuesto_alcabala
1,U0115,impuesto_alcabala,impuesto_alcabala
1,U0116,impuesto_alcabala,impuesto_alcabala
1,U0117,impuesto_alcabala,impuesto_alcabala
1,U0121,fraccionamiento_deuda,fraccionamiento_deuda
1,U0122,fraccionamiento_deuda,fuera_de_alcance
1,U0123,fraccionamiento_deuda,fraccionamiento_deuda
1,U0142,constancia_no_adeudo,constancia_no_adeudo
1,U0143,constancia_no_adeudo,constancia_no_adeudo
1,U0144,constancia_no_adeudo,constancia_no_adeudo
1,U0199,certificado_posesion,certificado_posesion
1,U0200,certificado_posesion,certificado_posesion
1,U0201,certificado_posesion,certificado_posesion
1,U0214,constancia_domiciliaria,constancia_domiciliaria
1,U0215,constancia_domiciliaria,constancia_domiciliaria
1,U0216,constancia_domiciliaria,constancia_domiciliaria
1,U0217,certificado_defensa_civil,certificado_defensa_civil
1,U0218,certificado_defensa_civil,requisitos_defensa_civil
1,U0219,certificado_defensa_civil,requisitos_defensa_civil
1,U0256,denuncia_seguridad_ciudadana,fuera_de_alcance
1,U0257,denuncia_seguridad_ciudadana,licencia_funcionamiento_requisitos
1,U0258,denuncia_seguridad_ciudadana,serenazgo_contacto
1,U0268,serenazgo_contacto,serenazgo_contacto
1,U0269,serenazgo_contacto,ubicacion_oficinas
1,U0270,serenazgo_contacto,serenazgo_contacto
1,U0280,partida_nacimiento,partida_nacimiento
1,U0281,partida_nacimiento,partida_nacimiento
1,U0282,partida_nacimiento,partida_nacimiento
1,U0292,partida_matrimonio,partida_matrimonio
1,U0293,partida_matrimonio,requisitos_matrimonio_civil
1,U0294,partida_matrimonio,partida_matrimonio
1,U0304,partida_defuncion,fuera_de_alcance
1,U0305,partida_defuncion,partida_defuncion
1,U0306,partida_defuncion,licencia_funcionamiento_requisitos
1,U0322,rectificacion_partida,rectificacion_partida
1,U0323,rectificacion_partida,rectificacion_partida
1,U0324,rectificacion_partida,rectificacion_partida
1,U0370,mantenimiento_parques,mantenimiento_parques
1,U0371,mantenimiento_parques,mantenimiento_parques
1,U0372,mantenimiento_parques,mantenimiento_parques
1,U0388,limpieza_via_publica,reporte_alumbrado_publico
1,U0389,limpieza_via_publica,limpieza_via_publica
1,U0390,limpieza_via_publica,limpieza_via_publica
1,U0397,presentar_reclamo,requisitos_mesa_partes
1,U0398,presentar_reclamo,presentar_reclamo
1,U0399,presentar_reclamo,ubicacion_oficinas
1,U0418,estado_reclamo,estado_reclamo
1,U0419,estado_reclamo,estado_reclamo
1,U0420,estado_reclamo,estado_reclamo
1,U0421,libro_reclamaciones,libro_reclamaciones
1,U0422,libro_reclamaciones,libro_reclamaciones
1,U0423,libro_reclamaciones,libro_reclamaciones
1,U0436,queja_atencion,estado_reclamo
1,U0437,queja_atencion,horario_mesa_partes
1,U0438,queja_atencion,queja_atencion
1,U0445,sugerencia,sugerencia
1,U0446,sugerencia,sugerencia
1,U0447,sugerencia,queja_atencion
1,U0460,horario_atencion_general,ubicacion_oficinas
1,U0461,horario_atencion_general,ubicacion_oficinas
1,U0462,horario_atencion_general,horario_atencion_general
1,U0466,horario_atencion_general,horario_atencion_general
1,U0467,horario_atencion_general,horario_atencion_general
1,U0468,horario_atencion_general,horario_atencion_general
1,U0481,requisitos_generales,licencia_funcionamiento_requisitos
1,U0482,requisitos_generales,requisitos_generales
1,U0483,requisitos_generales,ubicacion_oficinas
1,U0487,requisitos_generales,licencia_funcionamiento_requisitos
1,U0488,requisitos_generales,licencia_funcionamiento_requisitos
1,U0489,requisitos_generales,licencia_funcionamiento_requisitos
1,U0490,requisitos_generales,licencia_funcionamiento_requisitos
1,U0491,requisitos_generales,licencia_funcionamiento_requisitos
1,U0492,requisitos_generales,licencia_funcionamiento_requisitos
1,U0508,contacto_telefonico,fuera_de_alcance
1,U0509,contacto_telefonico,contacto_telefonico
1,U0510,contacto_telefonico,contacto_telefonico
1,U0532,saludo,saludo
1,U0533,saludo,saludo
1,U0534,saludo,saludo
1,U0550,despedida,despedida
1,U0551,despedida,despedida
1,U0552,despedida,agradecimiento
1,U0574,afirmar,afirmar
1,U0575,afirmar,afirmar
1,U0576,afirmar,afirmar
1,U0577,negar,negar
1,U0578,negar,negar
1,U0579,negar,negar
1,U0598,fuera_de_alcance,ayuda_chatbot
1,U0599,fuera_de_alcance,fuera_de_alcance
1,U0600,fuera_de_alcance,copia_documento
1,U0613,ayuda_chatbot,ayuda_chatbot
1,U0614,ayuda_chatbot,fuera_de_alcance
1,U0615,ayuda_chatbot,ayuda_chatbot
1,U0643,repetir_informacion,repetir_informacion
1,U0644,repetir_informacion,negar
1,U0645,repetir_informacion,consulta_no_entendida
1,U0652,licencia_funcionamiento_requisitos,licencia_funcionamiento_requisitos
1,U0653,licencia_funcionamiento_requisitos,licencia_funcionamiento_requisitos
1,U0654,licencia_funcionamiento_requisitos,licencia_funcionamiento_requisitos
1,U0664,fuera_de_alcance,fuera_de_alcance
1,U0665,fuera_de_alcance,certificado_defensa_civil
1,U0666,fuera_de_alcance,fuera_de_alcance
1,U0670,afirmar,despedida
1,U0671,afirmar,despedida
1,U0672,afirmar,afirmar
1,U0673,ayuda_chatbot,fuera_de_alcance
1,U0674,ayuda_chatbot,copia_documento
1,U0675,ayuda_chatbot,ayuda_chatbot
1,U0679,copia_documento,copia_documento
1,U0680,copia_documento,copia_documento
1,U0681,copia_documento,copia_documento
1,U0691,horario_mesa_partes,horario_mesa_partes
1,U0692,horario_mesa_partes,horario_mesa_partes
1,U0693,horario_mesa_partes,requisitos_mesa_partes
2,U0013,licencia_funcionamiento_costo,licencia_funcionamiento_costo
2,U0014,licencia_funcionamiento_costo,licencia_funcionamiento_costo
2,U0015,licencia_funcionamiento_costo,licencia_funcionamiento_plazo
2,U0031,licencia_funcionamiento_plazo,licencia_funcionamiento_plazo
2,U0032,licencia_funcionamiento_plazo,licencia_funcionamiento_plazo
2,U0033,licencia_funcionamiento_plazo,licencia_funcionamiento_plazo
2,U0046,licencia_edificacion_requisitos,licencia_edificacion_requisitos
2,U0047,licencia_edificacion_requisitos,licencia_edificacion_requisitos
2,U0048,licencia_edificacion_requisitos,licencia_edificacion_requisitos
2,U0073,consulta_deuda_predial,consulta_deuda_predial
2,U0074,consulta_deuda_predial,costos_generales
2,U0075,consulta_deuda_predial,consulta_deuda_predial
2,U0094,pago_predial_como,pago_predial_como
2,U0095,pago_predial_como,pago_predial_como
2,U0096,pago_predial_como,pago_predial_como
2,U0100,pago_arbitrios,consulta_deuda_predial
2,U0101,pago_arbitrios,pago_arbitrios
2,U0102,pago_arbitrios,fraccionamiento_deuda
2,U0118,impuesto_alcabala,impuesto_alcabala
2,U0119,impuesto_alcabala,impuesto_alcabala
2,U0120,impuesto_alcabala,impuesto_alcabala
2,U0133,constancia_no_adeudo,constancia_no_adeudo
2,U0134,constancia_no_adeudo,constancia_domiciliaria
2,U0135,constancia_no_adeudo,constancia_no_adeudo
2,U0154,requisitos_mesa_partes,requisitos_mesa_partes
2,U0155,requisitos_mesa_partes,requisitos_mesa_partes
2,U0156,requisitos_mesa_partes,requisitos_mesa_partes
2,U0166,estado_tramite,estado_tramite
2,U0167,estado_tramite,estado_tramite
2,U0168,estado_tramite,estado_tramite
2,U0169,horario_mesa_partes,horario_mesa_partes
2,U0170,horario_mesa_partes,horario_mesa_partes
2,U0171,horario_mesa_partes,horario_mesa_partes
2,U0220,certificado_defensa_civil,licencia_funcionamiento_requisitos
2,U0221,certificado_defensa_civil,fuera_de_alcance
2,U0222,certificado_defensa_civil,requisitos_defensa_civil
2,U0223,certificado_defensa_civil,certificado_defensa_civil
2,U0224,certificado_defensa_civil,certificado_defensa_civil
2,U0225,certificado_defensa_civil,certificado_defensa_civil
2,U0226,certificado_defensa_civil,certificado_defensa_civil
2,U0227,certificado_defensa_civil,certificado_defensa_civil
2,U0228,certificado_defensa_civil,certificado_defensa_civil
2,U0229,inspeccion_tecnica,inspeccion_tecnica
2,U0230,inspeccion_tecnica,licencia_funcionamiento_requisitos
2,U0231,inspeccion_tecnica,requisitos_matrimonio_civil
2,U0244,requisitos_defensa_civil,certificado_defensa_civil
2,U0245,requisitos_defensa_civil,licencia_funcionamiento_requisitos
2,U0246,requisitos_defensa_civil,requisitos_defensa_civil
2,U0247,requisitos_defensa_civil,requisitos_defensa_civil
2,U0248,requisitos_defensa_civil,requisitos_defensa_civil
2,U0249,requisitos_defensa_civil,requisitos_defensa_civil
2,U0259,denuncia_seguridad_ciudadana,denuncia_seguridad_ciudadana
2,U0260,denuncia_seguridad_ciudadana,denuncia_seguridad_ciudadana
2,U0261,denuncia_seguridad_ciudadana,denuncia_seguridad_ciudadana
2,U0277,partida_nacimiento,partida_nacimiento
2,U0278,partida_nacimiento,partida_nacimiento
2,U0279,partida_nacimiento,partida_nacimiento
2,U0298,partida_matrimonio,partida_matrimonio
2,U0299,partida_matrimonio,partida_matrimonio
2,U0300,partida_matrimonio,partida_matrimonio
2,U0301,partida_defuncion,partida_defuncion
2,U0302,partida_defuncion,partida_defuncion
2,U0303,partida_defuncion,partida_defuncion
2,U0313,rectificacion_partida,partida_nacimiento
2,U0314,rectificacion_partida,fuera_de_alcance
2,U0315,rectificacion_partida,rectificacion_partida
2,U0334,requisitos_matrimonio_civil,requisitos_matrimonio_civil
2,U0335,requisitos_matrimonio_civil,requisitos_matrimonio_civil
2,U0336,requisitos_matrimonio_civil,requisitos_matrimonio_civil
2,U0358,reporte_alumbrado_publico,reporte_alumbrado_publico
2,U0359,reporte_alumbrado_publico,reporte_alumbrado_publico
2,U0360,reporte_alumbrado_publico,reporte_alumbrado_publico
2,U0361,mantenimiento_parques,mantenimiento_parques
2,U0362,mantenimiento_parques,mantenimiento_parques
2,U0363,mantenimiento_parques,mantenimiento_parques
2,U0391,limpieza_via_publica,limpieza_via_publica
2,U0392,limpieza_via_publica,limpieza_via_publica
2,U0393,limpieza_via_publica,limpieza_via_publica
2,U0394,limpieza_via_publica,limpieza_via_publica
2,U0395,limpieza_via_publica,limpieza_via_publica
2,U0396,limpieza_via_publica,limpieza_via_publica
2,U0400,presentar_reclamo,hablar_con_persona
2,U0401,presentar_reclamo,presentar_reclamo
2,U0402,presentar_reclamo,fuera_de_alcance
2,U0409,estado_reclamo,estado_reclamo
2,U0410,estado_reclamo,estado_tramite
2,U0411,estado_reclamo,fuera_de_alcance
2,U0415,estado_reclamo,estado_reclamo
2,U0416,estado_reclamo,estado_reclamo
2,U0417,estado_reclamo,estado_reclamo
2,U0424,libro_reclamaciones,libro_reclamaciones
2,U0425,libro_reclamaciones,libro_reclamaciones
2,U0426,libro_reclamaciones,libro_reclamaciones
2,U0439,queja_atencion,queja_atencion
2,U0440,queja_atencion,queja_atencion
2,U0441,queja_atencion,queja_atencion
2,U0454,sugerencia,sugerencia
2,U0455,sugerencia,sugerencia
2,U0456,sugerencia,sugerencia
2,U0469,ubicacion_oficinas,redes_sociales_mpsr
2,U0470,ubicacion_oficinas,contacto_telefonico
2,U0471,ubicacion_oficinas,redes_sociales_mpsr
2,U0478,ubicacion_oficinas,ubicacion_oficinas
2,U0479,ubicacion_oficinas,ubicacion_oficinas
2,U0480,ubicacion_oficinas,ubicacion_oficinas
2,U0511,contacto_telefonico,contacto_telefonico
2,U0512,contacto_telefonico,contacto_telefonico
2,U0513,contacto_telefonico,contacto_telefonico
2,U0556,agradecimiento,agradecimiento
2,U0557,agradecimiento,agradecimiento
2,U0558,agradecimiento,agradecimiento
2,U0562,agradecimiento,agradecimiento
2,U0563,agradecimiento,agradecimiento
2,U0564,agradecimiento,agradecimiento
2,U0583,negar,negar
2,U0584,negar,fuera_de_alcance
2,U0585,negar,negar
2,U0604,hablar_con_persona,hablar_con_persona
2,U0605,hablar_con_persona,ayuda_chatbot
2,U0606,hablar_con_persona,hablar_con_persona
2,U0607,hablar_con_persona,ayuda_chatbot
2,U0608,hablar_con_persona,hablar_con_persona
2,U0609,hablar_con_persona,fuera_de_alcance
2,U0625,consulta_no_entendida,consulta_no_entendida
2,U0626,consulta_no_entendida,repetir_informacion
2,U0627,consulta_no_entendida,consulta_no_entendida
2,U0637,repetir_informacion,ayuda_chatbot
2,U0638,repetir_informacion,consulta_no_entendida
2,U0639,repetir_informacion,consulta_no_entendida
2,U0640,repetir_informacion,repetir_informacion
2,U0641,repetir_informacion,fuera_de_alcance
2,U0642,repetir_informacion,repetir_informacion
2,U0661,fuera_de_alcance,pago_predial_como
2,U0662,fuera_de_alcance,pago_predial_como
2,U0663,fuera_de_alcance,reporte_alumbrado_publico
2,U0682,copia_documento,copia_documento
2,U0683,copia_documento,copia_documento
2,U0684,copia_documento,copia_documento
2,U0694,horario_mesa_partes,requisitos_mesa_partes
2,U0695,horario_mesa_partes,horario_mesa_partes
2,U0696,horario_mesa_partes,horario_mesa_partes
2,U0703,requisitos_defensa_civil,requisitos_defensa_civil
2,U0704,requisitos_defensa_civil,licencia_funcionamiento_requisitos
2,U0705,requisitos_defensa_civil,requisitos_defensa_civil
3,U0004,licencia_funcionamiento_requisitos,licencia_funcionamiento_requisitos
3,U0005,licencia_funcionamiento_requisitos,licencia_funcionamiento_requisitos
3,U0006,licencia_funcionamiento_requisitos,licencia_funcionamiento_requisitos
3,U0034,licencia_funcionamiento_plazo,licencia_funcionamiento_plazo
3,U0035,licencia_funcionamiento_plazo,licencia_funcionamiento_plazo
3,U0036,licencia_funcionamiento_plazo,licencia_funcionamiento_plazo
3,U0037,licencia_edificacion_requisitos,licencia_edificacion_requisitos
3,U0038,licencia_edificacion_requisitos,licencia_edificacion_costo
3,U0039,licencia_edificacion_requisitos,licencia_funcionamiento_requisitos
3,U0058,licencia_edificacion_costo,licencia_edificacion_costo
3,U0059,licencia_edificacion_costo,licencia_edificacion_costo
3,U0060,licencia_edificacion_costo,licencia_edificacion_costo
3,U0061,renovacion_licencia,renovacion_licencia
3,U0062,renovacion_licencia,fuera_de_alcance
3,U0063,renovacion_licencia,licencia_funcionamiento_costo
3,U0085,pago_predial_como,consulta_deuda_predial
3,U0086,pago_predial_como,pago_predial_como
3,U0087,pago_predial_como,pago_predial_como
3,U0091,pago_predial_como,pago_predial_como
3,U0092,pago_predial_como,pago_predial_como
3,U0093,pago_predial_como,pago_predial_como
3,U0130,fraccionamiento_deuda,fraccionamiento_deuda
3,U0131,fraccionamiento_deuda,fraccionamiento_deuda
3,U0132,fraccionamiento_deuda,fraccionamiento_deuda
3,U0139,constancia_no_adeudo,constancia_no_adeudo
3,U0140,constancia_no_adeudo,constancia_no_adeudo
3,U0141,constancia_no_adeudo,constancia_no_adeudo
3,U0151,requisitos_mesa_partes,requisitos_mesa_partes
3,U0152,requisitos_mesa_partes,requisitos_mesa_partes
3,U0153,requisitos_mesa_partes,requisitos_mesa_partes
3,U0160,estado_tramite,estado_reclamo
3,U0161,estado_tramite,estado_tramite
3,U0162,estado_tramite,estado_tramite
3,U0172,horario_mesa_partes,horario_mesa_partes
3,U0173,horario_mesa_partes,horario_mesa_partes
3,U0174,horario_mesa_partes,fuera_de_alcance
3,U0178,horario_mesa_partes,horario_mesa_partes
3,U0179,horario_mesa_partes,horario_mesa_partes
3,U0180,horario_mesa_partes,horario_mesa_partes
3,U0181,copia_documento,copia_documento
3,U0182,copia_documento,copia_documento
3,U0183,copia_documento,ayuda_chatbot
3,U0193,certificado_posesion,certificado_posesion
3,U0194,certificado_posesion,certificado_posesion
3,U0195,certificado_posesion,certificado_posesion
3,U0196,certificado_posesion,fuera_de_alcance
3,U0197,certificado_posesion,certificado_posesion
3,U0198,certificado_posesion,certificado_posesion
3,U0202,certificado_posesion,certificado_posesion
3,U0203,certificado_posesion,certificado_posesion
3,U0204,certificado_posesion,certificado_posesion
3,U0235,inspeccion_tecnica,inspeccion_tecnica
3,U0236,inspeccion_tecnica,inspeccion_tecnica
3,U0237,inspeccion_tecnica,inspeccion_tecnica
3,U0262,denuncia_seguridad_ciudadana,denuncia_seguridad_ciudadana
3,U0263,denuncia_seguridad_ciudadana,denuncia_seguridad_ciudadana
3,U0264,denuncia_seguridad_ciudadana,denuncia_seguridad_ciudadana
3,U0265,serenazgo_contacto,serenazgo_contacto
3,U0266,serenazgo_contacto,denuncia_seguridad_ciudadana
3,U0267,serenazgo_contacto,denuncia_seguridad_ciudadana
3,U0271,serenazgo_contacto,serenazgo_contacto
3,U0272,serenazgo_contacto,serenazgo_contacto
3,U0273,serenazgo_contacto,serenazgo_contacto
3,U0283,partida_nacimiento,partida_nacimiento
3,U0284,partida_nacimiento,partida_nacimiento
3,U0285,partida_nacimiento,partida_nacimiento
3,U0289,partida_matrimonio,partida_matrimonio
3,U0290,partida_matrimonio,partida_matrimonio
3,U0291,partida_matrimonio,partida_matrimonio
3,U0310,partida_defuncion,partida_defuncion
3,U0311,partida_defuncion,partida_defuncion
3,U0312,partida_defuncion,partida_defuncion
3,U0328,requisitos_matrimonio_civil,fuera_de_alcance
3,U0329,requisitos_matrimonio_civil,partida_matrimonio
3,U0330,requisitos_matrimonio_civil,inspeccion_tecnica
3,U0337,horario_recojo_basura,horario_recojo_basura
3,U0338,horario_recojo_basura,horario_recojo_basura
3,U0339,horario_recojo_basura,horario_recojo_basura
3,U0349,reporte_alumbrado_publico,reporte_alumbrado_publico
3,U0350,reporte_alumbrado_publico,reporte_alumbrado_publico
3,U0351,reporte_alumbrado_publico,reporte_alumbrado_publico
3,U0385,limpieza_via_publica,reporte_alumbrado_publico
3,U0386,limpieza_via_publica,reporte_alumbrado_publico
3,U0387,limpieza_via_publica,poda_arboles
3,U0406,presentar_reclamo,presentar_reclamo
3,U0407,presentar_reclamo,presentar_reclamo
3,U0408,presentar_reclamo,presentar_reclamo
3,U0430,libro_reclamaciones,libro_reclamaciones
3,U0431,libro_reclamaciones,libro_reclamaciones
3,U0432,libro_reclamaciones,libro_reclamaciones
3,U0433,queja_atencion,queja_atencion
3,U0434,queja_atencion,fuera_de_alcance
3,U0435,queja_atencion,sugerencia
3,U0457,horario_atencion_general,horario_atencion_general
3,U0458,horario_atencion_general,ubicacion_oficinas
3,U0459,horario_atencion_general,fuera_de_alcance
3,U0484,requisitos_generales,requisitos_generales
3,U0485,requisitos_generales,licencia_funcionamiento_requisitos
3,U0486,requisitos_generales,fuera_de_alcance
3,U0499,costos_generales,costos_generales
3,U0500,costos_generales,costos_generales
3,U0501,costos_generales,costos_generales
3,U0502,costos_generales,costos_generales
3,U0503,costos_generales,costos_generales
3,U0504,costos_generales,costos_generales
3,U0517,redes_sociales_mpsr,contacto_telefonico
3,U0518,redes_sociales_mpsr,redes_sociales_mpsr
3,U0519,redes_sociales_mpsr,ubicacion_oficinas
3,U0520,redes_sociales_mpsr,redes_sociales_mpsr
3,U0521,redes_sociales_mpsr,contacto_telefonico
3,U0522,redes_sociales_mpsr,costos_generales
3,U0526,redes_sociales_mpsr,redes_sociales_mpsr
3,U0527,redes_sociales_mpsr,redes_sociales_mpsr
3,U0528,redes_sociales_mpsr,redes_sociales_mpsr
3,U0529,saludo,saludo
3,U0530,saludo,saludo
3,U0531,saludo,saludo
3,U0559,agradecimiento,agradecimiento
3,U0560,agradecimiento,agradecimiento
3,U0561,agradecimiento,repetir_informacion
3,U0568,afirmar,afirmar
3,U0569,afirmar,afirmar
3,U0570,afirmar,afirmar
3,U0595,fuera_de_alcance,ubicacion_oficinas
3,U0596,fuera_de_alcance,fuera_de_alcance
3,U0597,fuera_de_alcance,ayuda_chatbot
3,U0616,ayuda_chatbot,consulta_no_entendida
3,U0617,ayuda_chatbot,ayuda_chatbot
3,U0618,ayuda_chatbot,ayuda_chatbot
3,U0628,consulta_no_entendida,ayuda_chatbot
3,U0629,consulta_no_entendida,repetir_informacion
3,U0630,consulta_no_entendida,repetir_informacion
3,U0631,consulta_no_entendida,negar
3,U0632,consulta_no_entendida,consulta_no_entendida
3,U0633,consulta_no_entendida,consulta_no_entendida
3,U0649,licencia_funcionamiento_requisitos,fuera_de_alcance
3,U0650,licencia_funcionamiento_requisitos,fuera_de_alcance
3,U0651,licencia_funcionamiento_requisitos,fuera_de_alcance
3,U0685,despedida,despedida
3,U0686,despedida,afirmar
3,U0687,despedida,despedida
4,U0001,licencia_funcionamiento_requisitos,renovacion_licencia
4,U0002,licencia_funcionamiento_requisitos,licencia_funcionamiento_requisitos
4,U0003,licencia_funcionamiento_requisitos,licencia_funcionamiento_requisitos
4,U0010,licencia_funcionamiento_requisitos,licencia_edificacion_requisitos
4,U0011,licencia_funcionamiento_requisitos,licencia_funcionamiento_requisitos
4,U0012,licencia_funcionamiento_requisitos,licencia_funcionamiento_requisitos
4,U0016,licencia_funcionamiento_costo,licencia_edificacion_costo
4,U0017,licencia_funcionamiento_costo,licencia_edificacion_costo
4,U0018,licencia_funcionamiento_costo,licencia_edificacion_costo
4,U0043,licencia_edificacion_requisitos,licencia_edificacion_requisitos
4,U0044,licencia_edificacion_requisitos,licencia_edificacion_requisitos
4,U0045,licencia_edificacion_requisitos,licencia_funcionamiento_requisitos
4,U0049,licencia_edificacion_costo,licencia_edificacion_costo
4,U0050,licencia_edificacion_costo,licencia_edificacion_costo
4,U0051,licencia_edificacion_costo,fuera_de_alcance
4,U0076,consulta_deuda_predial,fraccionamiento_deuda
4,U0077,consulta_deuda_predial,fuera_de_alcance
4,U0078,consulta_deuda_predial,consulta_deuda_predial
4,U0088,pago_predial_como,fuera_de_alcance
4,U0089,pago_predial_como,fuera_de_alcance
4,U0090,pago_predial_como,pago_predial_como
4,U0103,pago_arbitrios,pago_arbitrios
4,U0104,pago_arbitrios,pago_arbitrios
4,U0105,pago_arbitrios,pago_arbitrios
4,U0109,impuesto_alcabala,impuesto_alcabala
4,U0110,impuesto_alcabala,fuera_de_alcance
4,U0111,impuesto_alcabala,impuesto_alcabala
4,U0124,fraccionamiento_deuda,pago_predial_como
4,U0125,fraccionamiento_deuda,licencia_edificacion_requisitos
4,U0126,fraccionamiento_deuda,fraccionamiento_deuda
4,U0148,requisitos_mesa_partes,licencia_funcionamiento_requisitos
4,U0149,requisitos_mesa_partes,presentar_reclamo
4,U0150,requisitos_mesa_partes,horario_mesa_partes
4,U0157,estado_tramite,estado_tramite
4,U0158,estado_tramite,ayuda_chatbot
4,U0159,estado_tramite,estado_tramite
4,U0187,copia_documento,copia_documento
4,U0188,copia_documento,copia_documento
4,U0189,copia_documento,copia_documento
4,U0205,constancia_domiciliaria,constancia_domiciliaria
4,U0206,constancia_domiciliaria,certificado_posesion
4,U0207,constancia_domiciliaria,constancia_domiciliaria
4,U0208,constancia_domiciliaria,constancia_no_adeudo
4,U0209,constancia_domiciliaria,copia_documento
4,U0210,constancia_domiciliaria,constancia_domiciliaria
4,U0232,inspeccion_tecnica,inspeccion_tecnica
4,U0233,inspeccion_tecnica,requisitos_defensa_civil
4,U0234,inspeccion_tecnica,requisitos_defensa_civil
4,U0238,inspeccion_tecnica,inspeccion_tecnica
4,U0239,inspeccion_tecnica,inspeccion_tecnica
4,U0240,inspeccion_tecnica,inspeccion_tecnica
4,U0250,requisitos_defensa_civil,requisitos_defensa_civil
4,U0251,requisitos_defensa_civil,requisitos_defensa_civil
4,U0252,requisitos_defensa_civil,requisitos_defensa_civil
4,U0295,partida_matrimonio,partida_matrimonio
4,U0296,partida_matrimonio,partida_matrimonio
4,U0297,partida_matrimonio,partida_matrimonio
4,U0316,rectificacion_partida,fuera_de_alcance
4,U0317,rectificacion_partida,rectificacion_partida
4,U0318,rectificacion_partida,licencia_funcionamiento_requisitos
4,U0331,requisitos_matrimonio_civil,requisitos_matrimonio_civil
4,U0332,requisitos_matrimonio_civil,requisitos_matrimonio_civil
4,U0333,requisitos_matrimonio_civil,requisitos_matrimonio_civil
4,U0340,horario_recojo_basura,horario_recojo_basura
4,U0341,horario_recojo_basura,horario_atencion_general
4,U0342,horario_recojo_basura,horario_recojo_basura
4,U0355,reporte_alumbrado_publico,reporte_alumbrado_publico
4,U0356,reporte_alumbrado_publico,reporte_alumbrado_publico
4,U0357,reporte_alumbrado_publico,reporte_alumbrado_publico
4,U0364,mantenimiento_parques,fuera_de_alcance
4,U0365,mantenimiento_parques,mantenimiento_parques
4,U0366,mantenimiento_parques,mantenimiento_parques
4,U0376,poda_arboles,limpieza_via_publica
4,U0377,poda_arboles,poda_arboles
4,U0378,poda_arboles,poda_arboles
4,U0379,poda_arboles,poda_arboles
4,U0380,poda_arboles,poda_arboles
4,U0381,poda_arboles,poda_arboles
4,U0403,presentar_reclamo,presentar_reclamo
4,U0404,presentar_reclamo,presentar_reclamo
4,U0405,presentar_reclamo,presentar_reclamo
4,U0442,queja_atencion,queja_atencion
4,U0443,queja_atencion,queja_atencion
4,U0444,queja_atencion,queja_atencion
4,U0448,sugerencia,queja_atencion
4,U0449,sugerencia,sugerencia
4,U0450,sugerencia,sugerencia
4,U0472,ubicacion_oficinas,ubicacion_oficinas
4,U0473,ubicacion_oficinas,horario_atencion_general
4,U0474,ubicacion_oficinas,ubicacion_oficinas
4,U0493,costos_generales,costos_generales
4,U0494,costos_generales,costos_generales
4,U0495,costos_generales,fuera_de_alcance
4,U0496,costos_generales,consulta_deuda_predial
4,U0497,costos_generales,fuera_de_alcance
4,U0498,costos_generales,pago_arbitrios
4,U0514,contacto_telefonico,contacto_telefonico
4,U0515,contacto_telefonico,contacto_telefonico
4,U0516,contacto_telefonico,contacto_telefonico
4,U0523,redes_sociales_mpsr,redes_sociales_mpsr
4,U0524,redes_sociales_mpsr,redes_sociales_mpsr
4,U0525,redes_sociales_mpsr,redes_sociales_mpsr
4,U0544,despedida,despedida
4,U0545,despedida,fuera_de_alcance
4,U0546,despedida,despedida
4,U0553,agradecimiento,agradecimiento
4,U0554,agradecimiento,agradecimiento
4,U0555,agradecimiento,agradecimiento
4,U0565,afirmar,afirmar
4,U0566,afirmar,afirmar
4,U0567,afirmar,afirmar
4,U0571,afirmar,fuera_de_alcance
4,U0572,afirmar,afirmar
4,U0573,afirmar,fuera_de_alcance
4,U0580,negar,agradecimiento
4,U0581,negar,negar
4,U0582,negar,negar
4,U0592,fuera_de_alcance,fuera_de_alcance
4,U0593,fuera_de_alcance,horario_atencion_general
4,U0594,fuera_de_alcance,licencia_funcionamiento_requisitos
4,U0601,hablar_con_persona,hablar_con_persona
4,U0602,hablar_con_persona,hablar_con_persona
4,U0603,hablar_con_persona,hablar_con_persona
4,U0619,ayuda_chatbot,ayuda_chatbot
4,U0620,ayuda_chatbot,ayuda_chatbot
4,U0621,ayuda_chatbot,ayuda_chatbot
4,U0634,consulta_no_entendida,ayuda_chatbot
4,U0635,consulta_no_entendida,consulta_no_entendida
4,U0636,consulta_no_entendida,repetir_informacion
4,U0658,fuera_de_alcance,fuera_de_alcance
4,U0659,fuera_de_alcance,fuera_de_alcance
4,U0660,fuera_de_alcance,fuera_de_alcance
4,U0688,despedida,despedida
4,U0689,despedida,despedida
4,U0690,despedida,despedida
4,U0697,reporte_alumbrado_publico,reporte_alumbrado_publico
4,U0698,reporte_alumbrado_publico,limpieza_via_publica
4,U0699,reporte_alumbrado_publico,reporte_alumbrado_publico
4,U0700,reporte_alumbrado_publico,limpieza_via_publica
4,U0701,reporte_alumbrado_publico,reporte_alumbrado_publico
4,U0702,reporte_alumbrado_publico,limpieza_via_publica
5,U0022,licencia_funcionamiento_costo,licencia_funcionamiento_costo
5,U0023,licencia_funcionamiento_costo,licencia_funcionamiento_costo
5,U0024,licencia_funcionamiento_costo,licencia_funcionamiento_costo
5,U0028,licencia_funcionamiento_plazo,fuera_de_alcance
5,U0029,licencia_funcionamiento_plazo,licencia_funcionamiento_costo
5,U0030,licencia_funcionamiento_plazo,licencia_funcionamiento_plazo
5,U0040,licencia_edificacion_requisitos,licencia_funcionamiento_requisitos
5,U0041,licencia_edificacion_requisitos,licencia_funcionamiento_requisitos
5,U0042,licencia_edificacion_requisitos,licencia_funcionamiento_requisitos
5,U0055,licencia_edificacion_costo,licencia_edificacion_costo
5,U0056,licencia_edificacion_costo,licencia_edificacion_costo
5,U0057,licencia_edificacion_costo,licencia_edificacion_costo
5,U0070,renovacion_licencia,renovacion_licencia
5,U0071,renovacion_licencia,renovacion_licencia
5,U0072,renovacion_licencia,renovacion_licencia
5,U0082,consulta_deuda_predial,consulta_deuda_predial
5,U0083,consulta_deuda_predial,consulta_deuda_predial
5,U0084,consulta_deuda_predial,consulta_deuda_predial
5,U0106,pago_arbitrios,pago_arbitrios
5,U0107,pago_arbitrios,pago_arbitrios
5,U0108,pago_arbitrios,pago_arbitrios
5,U0127,fraccionamiento_deuda,fraccionamiento_deuda
5,U0128,fraccionamiento_deuda,fraccionamiento_deuda
5,U0129,fraccionamiento_deuda,fraccionamiento_deuda
5,U0136,constancia_no_adeudo,constancia_domiciliaria
5,U0137,constancia_no_adeudo,constancia_no_adeudo
5,U0138,constancia_no_adeudo,consulta_no_entendida
5,U0145,requisitos_mesa_partes,horario_mesa_partes
5,U0146,requisitos_mesa_partes,horario_mesa_partes
5,U0147,requisitos_mesa_partes,horario_mesa_partes
5,U0163,estado_tramite,estado_tramite
5,U0164,estado_tramite,estado_tramite
5,U0165,estado_tramite,estado_tramite
5,U0175,horario_mesa_partes,horario_mesa_partes
5,U0176,horario_mesa_partes,horario_mesa_partes
5,U0177,horario_mesa_partes,horario_mesa_partes
5,U0184,copia_documento,copia_documento
5,U0185,copia_documento,copia_documento
5,U0186,copia_documento,copia_documento
5,U0190,copia_documento,copia_documento
5,U0191,copia_documento,copia_documento
5,U0192,copia_documento,copia_documento
5,U0211,constancia_domiciliaria,constancia_domiciliaria
5,U0212,constancia_domiciliaria,constancia_domiciliaria
5,U0213,constancia_domiciliaria,constancia_domiciliaria
5,U0241,requisitos_defensa_civil,requisitos_defensa_civil
5,U0242,requisitos_defensa_civil,certificado_defensa_civil
5,U0243,requisitos_defensa_civil,inspeccion_tecnica
5,U0253,denuncia_seguridad_ciudadana,denuncia_seguridad_ciudadana
5,U0254,denuncia_seguridad_ciudadana,serenazgo_contacto
5,U0255,denuncia_seguridad_ciudadana,limpieza_via_publica
5,U0274,serenazgo_contacto,serenazgo_contacto
5,U0275,serenazgo_contacto,serenazgo_contacto
5,U0276,serenazgo_contacto,serenazgo_contacto
5,U0286,partida_nacimiento,partida_nacimiento
5,U0287,partida_nacimiento,partida_nacimiento
5,U0288,partida_nacimiento,partida_nacimiento
5,U0307,partida_defuncion,partida_defuncion
5,U0308,partida_defuncion,partida_defuncion
5,U0309,partida_defuncion,partida_defuncion
5,U0319,rectificacion_partida,rectificacion_partida
5,U0320,rectificacion_partida,rectificacion_partida
5,U0321,rectificacion_partida,rectificacion_partida
5,U0325,requisitos_matrimonio_civil,requisitos_matrimonio_civil
5,U0326,requisitos_matrimonio_civil,requisitos_defensa_civil
5,U0327,requisitos_matrimonio_civil,licencia_funcionamiento_requisitos
5,U0343,horario_recojo_basura,horario_recojo_basura
5,U0344,horario_recojo_basura,horario_recojo_basura
5,U0345,horario_recojo_basura,horario_recojo_basura
5,U0346,horario_recojo_basura,horario_recojo_basura
5,U0347,horario_recojo_basura,horario_recojo_basura
5,U0348,horario_recojo_basura,horario_recojo_basura
5,U0352,reporte_alumbrado_publico,reporte_alumbrado_publico
5,U0353,reporte_alumbrado_publico,reporte_alumbrado_publico
5,U0354,reporte_alumbrado_publico,reporte_alumbrado_publico
5,U0367,mantenimiento_parques,mantenimiento_parques
5,U0368,mantenimiento_parques,mantenimiento_parques
5,U0369,mantenimiento_parques,mantenimiento_parques
5,U0373,poda_arboles,poda_arboles
5,U0374,poda_arboles,poda_arboles
5,U0375,poda_arboles,limpieza_via_publica
5,U0382,poda_arboles,poda_arboles
5,U0383,poda_arboles,poda_arboles
5,U0384,poda_arboles,poda_arboles
5,U0412,estado_reclamo,presentar_reclamo
5,U0413,estado_reclamo,estado_reclamo
5,U0414,estado_reclamo,estado_tramite
5,U0427,libro_reclamaciones,libro_reclamaciones
5,U0428,libro_reclamaciones,libro_reclamaciones
5,U0429,libro_reclamaciones,libro_reclamaciones
5,U0451,sugerencia,sugerencia
5,U0452,sugerencia,sugerencia
5,U0453,sugerencia,sugerencia
5,U0463,horario_atencion_general,horario_atencion_general
5,U0464,horario_atencion_general,horario_atencion_general
5,U0465,horario_atencion_general,horario_atencion_general
5,U0475,ubicacion_oficinas,ubicacion_oficinas
5,U0476,ubicacion_oficinas,ubicacion_oficinas
5,U0477,ubicacion_oficinas,ubicacion_oficinas
5,U0505,contacto_telefonico,contacto_telefonico
5,U0506,contacto_telefonico,ubicacion_oficinas
5,U0507,contacto_telefonico,contacto_telefonico
5,U0535,saludo,saludo
5,U0536,saludo,saludo
5,U0537,saludo,saludo
5,U0538,saludo,saludo
5,U0539,saludo,saludo
5,U0540,saludo,saludo
5,U0541,despedida,despedida
5,U0542,despedida,despedida
5,U0543,despedida,despedida
5,U0547,despedida,despedida
5,U0548,despedida,despedida
5,U0549,despedida,despedida
5,U0586,negar,negar
5,U0587,negar,negar
5,U0588,negar,negar
5,U0589,fuera_de_alcance,fuera_de_alcance
5,U0590,fuera_de_alcance,fuera_de_alcance
5,U0591,fuera_de_alcance,presentar_reclamo
5,U0610,hablar_con_persona,hablar_con_persona
5,U0611,hablar_con_persona,hablar_con_persona
5,U0612,hablar_con_persona,negar
5,U0622,ayuda_chatbot,fuera_de_alcance
5,U0623,ayuda_chatbot,ayuda_chatbot
5,U0624,ayuda_chatbot,ayuda_chatbot
5,U0646,repetir_informacion,consulta_no_entendida
5,U0647,repetir_informacion,repetir_informacion
5,U0648,repetir_informacion,repetir_informacion
5,U0655,licencia_funcionamiento_requisitos,licencia_funcionamiento_requisitos
5,U0656,licencia_funcionamiento_requisitos,licencia_funcionamiento_requisitos
5,U0657,licencia_funcionamiento_requisitos,licencia_funcionamiento_requisitos
5,U0667,afirmar,despedida
5,U0668,afirmar,despedida
5,U0669,afirmar,afirmar
5,U0676,ayuda_chatbot,ayuda_chatbot
5,U0677,ayuda_chatbot,ayuda_chatbot
5,U0678,ayuda_chatbot,consulta_no_entendida
5,U0706,requisitos_defensa_civil,requisitos_defensa_civil
5,U0707,requisitos_defensa_civil,certificado_defensa_civil
5,U0708,requisitos_defensa_civil,requisitos_defensa_civil
