sesion,tarjeta,esperada,correcta_aplicador,obtuvo_persona,predicha,confianza,confianza_2,acierto,ESTADO
SA01,S01,licencia_funcionamiento_requisitos,No,No,licencia_funcionamiento_requisitos,0.8400000000000001,0.1,True,SIMULADO — datos de prueba; no son hallazgos de campo
SA01,S02,licencia_funcionamiento_costo,Sí,Sí,licencia_funcionamiento_costo,0.5900000000000001,0.1,True,SIMULADO — datos de prueba; no son hallazgos de campo
SA01,S03,licencia_funcionamiento_plazo,Parcial,Sí,licencia_funcionamiento_plazo,0.6900000000000001,0.1,True,SIMULADO — datos de prueba; no son hallazgos de campo
SA02,S04,licencia_edificacion_requisitos,Sí,Sí,reporte_alumbrado_publico,0.92,0.1,False,SIMULADO — datos de prueba; no son hallazgos de campo
SA02,S05,licencia_edificacion_costo,Parcial,Sí,licencia_edificacion_costo,0.5700000000000001,0.1,True,SIMULADO — datos de prueba; no son hallazgos de campo
SA02,S06,renovacion_licencia,Parcial,Sí,renovacion_licencia,0.67,0.1,True,SIMULADO — datos de prueba; no son hallazgos de campo
SA03,S07,consulta_deuda_predial,Parcial,No,denuncia_seguridad_ciudadana,0.73,0.1,False,SIMULADO — datos de prueba; no son hallazgos de campo
SA03,S08,pago_predial_como,Sí,Sí,contacto_telefonico,0.8800000000000001,0.1,False,SIMULADO — datos de prueba; no son hallazgos de campo
SA03,S09,pago_arbitrios,Parcial,No,pago_arbitrios,0.5900000000000001,0.1,True,SIMULADO — datos de prueba; no son hallazgos de campo
SA04,S10,impuesto_alcabala,Parcial,No,impuesto_alcabala,0.8,0.1,True,SIMULADO — datos de prueba; no son hallazgos de campo
SA04,S11,fraccionamiento_deuda,Parcial,No,renovacion_licencia,0.6200000000000001,0.1,False,SIMULADO — datos de prueba; no son hallazgos de campo
SA04,S12,constancia_no_adeudo,Parcial,Sí,requisitos_defensa_civil,0.6100000000000001,0.1,False,SIMULADO — datos de prueba; no son hallazgos de campo
SA05,S13,requisitos_mesa_partes,Parcial,No,hablar_con_persona,0.8500000000000001,0.1,False,SIMULADO — datos de prueba; no son hallazgos de campo
SA05,S14,estado_tramite,Sí,Sí,estado_tramite,0.91,0.1,True,SIMULADO — datos de prueba; no son hallazgos de campo
SA05,S15,horario_mesa_partes,Parcial,Sí,horario_mesa_partes,0.5700000000000001,0.1,True,SIMULADO — datos de prueba; no son hallazgos de campo
SA06,S16,copia_documento,Sí,Sí,libro_reclamaciones,0.7100000000000001,0.1,False,SIMULADO — datos de prueba; no son hallazgos de campo
SA06,S17,certificado_posesion,Sí,Sí,certificado_posesion,0.63,0.1,True,SIMULADO — datos de prueba; no son hallazgos de campo
SA06,S18,constancia_domiciliaria,Parcial,Sí,impuesto_alcabala,0.67,0.1,False,SIMULADO — datos de prueba; no son hallazgos de campo
SA07,S19,certificado_defensa_civil,Sí,Sí,licencia_edificacion_requisitos,0.77,0.1,False,SIMULADO — datos de prueba; no son hallazgos de campo
SA07,S20,inspeccion_tecnica,Parcial,Sí,inspeccion_tecnica,0.78,0.1,True,SIMULADO — datos de prueba; no son hallazgos de campo
SA07,S21,requisitos_defensa_civil,Parcial,No,requisitos_defensa_civil,0.67,0.1,True,SIMULADO — datos de prueba; no son hallazgos de campo
SA08,S22,denuncia_seguridad_ciudadana,Sí,Sí,denuncia_seguridad_ciudadana,0.76,0.1,True,SIMULADO — datos de prueba; no son hallazgos de campo
SA08,S23,serenazgo_contacto,Parcial,No,serenazgo_contacto,0.74,0.1,True,SIMULADO — datos de prueba; no son hallazgos de campo
SA08,S24,partida_nacimiento,Parcial,Sí,partida_nacimiento,0.9400000000000001,0.1,True,SIMULADO — datos de prueba; no son hallazgos de campo
SA09,S25,partida_matrimonio,Parcial,No,partida_matrimonio,0.6200000000000001,0.1,True,SIMULADO — datos de prueba; no son hallazgos de campo
SA09,S26,partida_defuncion,Sí,Sí,presentar_reclamo,0.9400000000000001,0.1,False,SIMULADO — datos de prueba; no son hallazgos de campo
SA09,S27,rectificacion_partida,Sí,Sí,rectificacion_partida,0.8600000000000001,0.1,True,SIMULADO — datos de prueba; no son hallazgos de campo
SA10,S28,requisitos_matrimonio_civil,Parcial,No,requisitos_matrimonio_civil,0.8800000000000001,0.1,True,SIMULADO — datos de prueba; no son hallazgos de campo
SA10,S29,horario_recojo_basura,Sí,Sí,horario_recojo_basura,0.8700000000000001,0.1,True,SIMULADO — datos de prueba; no son hallazgos de campo
SA10,S30,reporte_alumbrado_publico,Parcial,No,reporte_alumbrado_publico,0.7200000000000001,0.1,True,SIMULADO — datos de prueba; no son hallazgos de campo
SA11,S31,mantenimiento_parques,Sí,Sí,requisitos_matrimonio_civil,0.93,0.1,False,SIMULADO — datos de prueba; no son hallazgos de campo
SA11,S32,poda_arboles,Sí,Sí,contacto_telefonico,0.68,0.1,False,SIMULADO — datos de prueba; no son hallazgos de campo
SA11,S33,limpieza_via_publica,Sí,Sí,redes_sociales_mpsr,0.8500000000000001,0.1,False,SIMULADO — datos de prueba; no son hallazgos de campo
SA12,S34,presentar_reclamo,Parcial,Sí,presentar_reclamo,0.8800000000000001,0.1,True,SIMULADO — datos de prueba; no son hallazgos de campo
SA12,S35,estado_reclamo,Parcial,No,redes_sociales_mpsr,0.67,0.1,False,SIMULADO — datos de prueba; no son hallazgos de campo
SA12,S36,libro_reclamaciones,Parcial,No,despedida,0.64,0.1,False,SIMULADO — datos de prueba; no son hallazgos de campo
SA13,S37,queja_atencion,Sí,Sí,queja_atencion,0.8500000000000001,0.1,True,SIMULADO — datos de prueba; no son hallazgos de campo
SA13,S38,sugerencia,Sí,Sí,inspeccion_tecnica,0.8,0.1,False,SIMULADO — datos de prueba; no son hallazgos de campo
SA13,S39,horario_atencion_general,Sí,Sí,queja_atencion,0.7100000000000001,0.1,False,SIMULADO — datos de prueba; no son hallazgos de campo
SA14,S40,ubicacion_oficinas,Sí,Sí,ubicacion_oficinas,0.6900000000000001,0.1,True,SIMULADO — datos de prueba; no son hallazgos de campo
SA14,S41,requisitos_generales,Parcial,No,licencia_edificacion_costo,0.9,0.1,False,SIMULADO — datos de prueba; no son hallazgos de campo
SA14,S42,costos_generales,Sí,Sí,renovacion_licencia,0.68,0.1,False,SIMULADO — datos de prueba; no son hallazgos de campo
SA15,S43,contacto_telefonico,Parcial,Sí,contacto_telefonico,0.56,0.1,True,SIMULADO — datos de prueba; no son hallazgos de campo
SA15,S44,redes_sociales_mpsr,Sí,Sí,requisitos_generales,0.8800000000000001,0.1,False,SIMULADO — datos de prueba; no son hallazgos de campo
SA15,S45,saludo,Sí,Sí,saludo,0.8700000000000001,0.1,True,SIMULADO — datos de prueba; no son hallazgos de campo
SA16,S46,despedida,Sí,Sí,despedida,0.66,0.1,True,SIMULADO — datos de prueba; no son hallazgos de campo
SA16,S47,agradecimiento,Parcial,No,saludo,0.8900000000000001,0.1,False,SIMULADO — datos de prueba; no son hallazgos de campo
SA16,S48,afirmar,Sí,Sí,afirmar,0.64,0.1,True,SIMULADO — datos de prueba; no son hallazgos de campo
SA17,S49,negar,Parcial,Sí,negar,0.63,0.1,True,SIMULADO — datos de prueba; no son hallazgos de campo
SA17,S50,fuera_de_alcance,Sí,Sí,fuera_de_alcance,0.79,0.1,True,SIMULADO — datos de prueba; no son hallazgos de campo
SA17,S51,fuera_de_alcance,Sí,Sí,pago_predial_como,0.81,0.1,False,SIMULADO — datos de prueba; no son hallazgos de campo
SA18,S52,fuera_de_alcance,Sí,Sí,fuera_de_alcance,0.67,0.1,True,SIMULADO — datos de prueba; no son hallazgos de campo
SA18,S53,hablar_con_persona,No,No,hablar_con_persona,0.63,0.1,True,SIMULADO — datos de prueba; no son hallazgos de campo
SA18,S54,ayuda_chatbot,No,No,ayuda_chatbot,0.8300000000000001,0.1,True,SIMULADO — datos de prueba; no son hallazgos de campo
SA19,S55,consulta_no_entendida,Parcial,Sí,consulta_no_entendida,0.9,0.1,True,SIMULADO — datos de prueba; no son hallazgos de campo
SA19,S56,repetir_informacion,Sí,Sí,repetir_informacion,0.8,0.1,True,SIMULADO — datos de prueba; no son hallazgos de campo
SA19,S01,licencia_funcionamiento_requisitos,Sí,Sí,licencia_funcionamiento_requisitos,0.8400000000000001,0.1,True,SIMULADO — datos de prueba; no son hallazgos de campo
SA20,S02,licencia_funcionamiento_costo,Sí,Sí,licencia_funcionamiento_costo,0.5900000000000001,0.1,True,SIMULADO — datos de prueba; no son hallazgos de campo
SA20,S03,licencia_funcionamiento_plazo,Sí,Sí,licencia_funcionamiento_plazo,0.6900000000000001,0.1,True,SIMULADO — datos de prueba; no son hallazgos de campo
SA20,S04,licencia_edificacion_requisitos,Parcial,No,reporte_alumbrado_publico,0.92,0.1,False,SIMULADO — datos de prueba; no son hallazgos de campo
SA21,S05,licencia_edificacion_costo,Parcial,No,licencia_edificacion_costo,0.5700000000000001,0.1,True,SIMULADO — datos de prueba; no son hallazgos de campo
SA21,S06,renovacion_licencia,Parcial,No,renovacion_licencia,0.67,0.1,True,SIMULADO — datos de prueba; no son hallazgos de campo
SA21,S07,consulta_deuda_predial,Parcial,Sí,denuncia_seguridad_ciudadana,0.73,0.1,False,SIMULADO — datos de prueba; no son hallazgos de campo
SA22,S08,pago_predial_como,Sí,Sí,contacto_telefonico,0.8800000000000001,0.1,False,SIMULADO — datos de prueba; no son hallazgos de campo
SA22,S09,pago_arbitrios,Sí,Sí,pago_arbitrios,0.5900000000000001,0.1,True,SIMULADO — datos de prueba; no son hallazgos de campo
SA22,S10,impuesto_alcabala,No,No,impuesto_alcabala,0.8,0.1,True,SIMULADO — datos de prueba; no son hallazgos de campo
SA23,S11,fraccionamiento_deuda,Parcial,No,renovacion_licencia,0.6200000000000001,0.1,False,SIMULADO — datos de prueba; no son hallazgos de campo
SA23,S12,constancia_no_adeudo,Sí,Sí,requisitos_defensa_civil,0.6100000000000001,0.1,False,SIMULADO — datos de prueba; no son hallazgos de campo
SA23,S13,requisitos_mesa_partes,Sí,Sí,hablar_con_persona,0.8500000000000001,0.1,False,SIMULADO — datos de prueba; no son hallazgos de campo
SA24,S14,estado_tramite,Parcial,Sí,estado_tramite,0.91,0.1,True,SIMULADO — datos de prueba; no son hallazgos de campo
SA24,S15,horario_mesa_partes,No,No,horario_mesa_partes,0.5700000000000001,0.1,True,SIMULADO — datos de prueba; no son hallazgos de campo
SA24,S16,copia_documento,No,No,libro_reclamaciones,0.7100000000000001,0.1,False,SIMULADO — datos de prueba; no son hallazgos de campo
SA25,S17,certificado_posesion,Sí,Sí,certificado_posesion,0.63,0.1,True,SIMULADO — datos de prueba; no son hallazgos de campo
SA25,S18,constancia_domiciliaria,No,No,impuesto_alcabala,0.67,0.1,False,SIMULADO — datos de prueba; no son hallazgos de campo
SA25,S19,certificado_defensa_civil,No,No,licencia_edificacion_requisitos,0.77,0.1,False,SIMULADO — datos de prueba; no son hallazgos de campo
SA26,S20,inspeccion_tecnica,Sí,Sí,inspeccion_tecnica,0.78,0.1,True,SIMULADO — datos de prueba; no son hallazgos de campo
SA26,S21,requisitos_defensa_civil,Parcial,No,requisitos_defensa_civil,0.67,0.1,True,SIMULADO — datos de prueba; no son hallazgos de campo
SA26,S22,denuncia_seguridad_ciudadana,Sí,Sí,denuncia_seguridad_ciudadana,0.76,0.1,True,SIMULADO — datos de prueba; no son hallazgos de campo
SA27,S23,serenazgo_contacto,Sí,Sí,serenazgo_contacto,0.74,0.1,True,SIMULADO — datos de prueba; no son hallazgos de campo
SA27,S24,partida_nacimiento,Sí,Sí,partida_nacimiento,0.9400000000000001,0.1,True,SIMULADO — datos de prueba; no son hallazgos de campo
SA27,S25,partida_matrimonio,Sí,Sí,partida_matrimonio,0.6200000000000001,0.1,True,SIMULADO — datos de prueba; no son hallazgos de campo
SA28,S26,partida_defuncion,Sí,Sí,presentar_reclamo,0.9400000000000001,0.1,False,SIMULADO — datos de prueba; no son hallazgos de campo
SA28,S27,rectificacion_partida,Sí,Sí,rectificacion_partida,0.8600000000000001,0.1,True,SIMULADO — datos de prueba; no son hallazgos de campo
SA28,S28,requisitos_matrimonio_civil,Parcial,Sí,requisitos_matrimonio_civil,0.8800000000000001,0.1,True,SIMULADO — datos de prueba; no son hallazgos de campo
SA29,S29,horario_recojo_basura,Parcial,No,horario_recojo_basura,0.8700000000000001,0.1,True,SIMULADO — datos de prueba; no son hallazgos de campo
SA29,S30,reporte_alumbrado_publico,Parcial,No,reporte_alumbrado_publico,0.7200000000000001,0.1,True,SIMULADO — datos de prueba; no son hallazgos de campo
SA29,S31,mantenimiento_parques,Parcial,No,requisitos_matrimonio_civil,0.93,0.1,False,SIMULADO — datos de prueba; no son hallazgos de campo
SA30,S32,poda_arboles,Parcial,No,contacto_telefonico,0.68,0.1,False,SIMULADO — datos de prueba; no son hallazgos de campo
SA30,S33,limpieza_via_publica,Parcial,Sí,redes_sociales_mpsr,0.8500000000000001,0.1,False,SIMULADO — datos de prueba; no son hallazgos de campo
SA30,S34,presentar_reclamo,No,No,presentar_reclamo,0.8800000000000001,0.1,True,SIMULADO — datos de prueba; no son hallazgos de campo
SA31,S35,estado_reclamo,No,No,redes_sociales_mpsr,0.67,0.1,False,SIMULADO — datos de prueba; no son hallazgos de campo
SA31,S36,libro_reclamaciones,Sí,Sí,despedida,0.64,0.1,False,SIMULADO — datos de prueba; no son hallazgos de campo
SA31,S37,queja_atencion,Parcial,No,queja_atencion,0.8500000000000001,0.1,True,SIMULADO — datos de prueba; no son hallazgos de campo
SA32,S38,sugerencia,Sí,Sí,inspeccion_tecnica,0.8,0.1,False,SIMULADO — datos de prueba; no son hallazgos de campo
SA32,S39,horario_atencion_general,Sí,Sí,queja_atencion,0.7100000000000001,0.1,False,SIMULADO — datos de prueba; no son hallazgos de campo
SA32,S40,ubicacion_oficinas,Parcial,No,ubicacion_oficinas,0.6900000000000001,0.1,True,SIMULADO — datos de prueba; no son hallazgos de campo
SA33,S41,requisitos_generales,Parcial,Sí,licencia_edificacion_costo,0.9,0.1,False,SIMULADO — datos de prueba; no son hallazgos de campo
SA33,S42,costos_generales,Parcial,Sí,renovacion_licencia,0.68,0.1,False,SIMULADO — datos de prueba; no son hallazgos de campo
SA33,S43,contacto_telefonico,Parcial,Sí,contacto_telefonico,0.56,0.1,True,SIMULADO — datos de prueba; no son hallazgos de campo
SA34,S44,redes_sociales_mpsr,Sí,Sí,requisitos_generales,0.8800000000000001,0.1,False,SIMULADO — datos de prueba; no son hallazgos de campo
SA34,S45,saludo,Sí,Sí,saludo,0.8700000000000001,0.1,True,SIMULADO — datos de prueba; no son hallazgos de campo
SA34,S46,despedida,Sí,Sí,despedida,0.66,0.1,True,SIMULADO — datos de prueba; no son hallazgos de campo
SA35,S47,agradecimiento,Sí,Sí,saludo,0.8900000000000001,0.1,False,SIMULADO — datos de prueba; no son hallazgos de campo
SA35,S48,afirmar,No,No,afirmar,0.64,0.1,True,SIMULADO — datos de prueba; no son hallazgos de campo
SA35,S49,negar,Parcial,No,negar,0.63,0.1,True,SIMULADO — datos de prueba; no son hallazgos de campo
SA36,S50,fuera_de_alcance,Parcial,No,fuera_de_alcance,0.79,0.1,True,SIMULADO — datos de prueba; no son hallazgos de campo
SA36,S51,fuera_de_alcance,Parcial,Sí,pago_predial_como,0.81,0.1,False,SIMULADO — datos de prueba; no son hallazgos de campo
SA36,S52,fuera_de_alcance,Sí,Sí,fuera_de_alcance,0.67,0.1,True,SIMULADO — datos de prueba; no son hallazgos de campo
SA37,S53,hablar_con_persona,Sí,Sí,hablar_con_persona,0.63,0.1,True,SIMULADO — datos de prueba; no son hallazgos de campo
SA37,S54,ayuda_chatbot,Sí,Sí,ayuda_chatbot,0.8300000000000001,0.1,True,SIMULADO — datos de prueba; no son hallazgos de campo
SA37,S55,consulta_no_entendida,Parcial,No,consulta_no_entendida,0.9,0.1,True,SIMULADO — datos de prueba; no son hallazgos de campo
SA38,S56,repetir_informacion,No,No,repetir_informacion,0.8,0.1,True,SIMULADO — datos de prueba; no son hallazgos de campo
SA38,S01,licencia_funcionamiento_requisitos,Sí,Sí,licencia_funcionamiento_requisitos,0.8400000000000001,0.1,True,SIMULADO — datos de prueba; no son hallazgos de campo
SA38,S02,licencia_funcionamiento_costo,Sí,Sí,licencia_funcionamiento_costo,0.5900000000000001,0.1,True,SIMULADO — datos de prueba; no son hallazgos de campo
SA39,S03,licencia_funcionamiento_plazo,Parcial,Sí,licencia_funcionamiento_plazo,0.6900000000000001,0.1,True,SIMULADO — datos de prueba; no son hallazgos de campo
SA39,S04,licencia_edificacion_requisitos,Sí,Sí,reporte_alumbrado_publico,0.92,0.1,False,SIMULADO — datos de prueba; no son hallazgos de campo
SA39,S05,licencia_edificacion_costo,Sí,Sí,licencia_edificacion_costo,0.5700000000000001,0.1,True,SIMULADO — datos de prueba; no son hallazgos de campo
SA40,S06,renovacion_licencia,Sí,Sí,renovacion_licencia,0.67,0.1,True,SIMULADO — datos de prueba; no son hallazgos de campo
SA40,S07,consulta_deuda_predial,Sí,Sí,denuncia_seguridad_ciudadana,0.73,0.1,False,SIMULADO — datos de prueba; no son hallazgos de campo
SA40,S08,pago_predial_como,Parcial,No,contacto_telefonico,0.8800000000000001,0.1,False,SIMULADO — datos de prueba; no son hallazgos de campo
SA41,S09,pago_arbitrios,No,No,pago_arbitrios,0.5900000000000001,0.1,True,SIMULADO — datos de prueba; no son hallazgos de campo
SA41,S10,impuesto_alcabala,Sí,Sí,impuesto_alcabala,0.8,0.1,True,SIMULADO — datos de prueba; no son hallazgos de campo
SA41,S11,fraccionamiento_deuda,Parcial,Sí,renovacion_licencia,0.6200000000000001,0.1,False,SIMULADO — datos de prueba; no son hallazgos de campo
SA42,S12,constancia_no_adeudo,Sí,Sí,requisitos_defensa_civil,0.6100000000000001,0.1,False,SIMULADO — datos de prueba; no son hallazgos de campo
SA42,S13,requisitos_mesa_partes,Parcial,Sí,hablar_con_persona,0.8500000000000001,0.1,False,SIMULADO — datos de prueba; no son hallazgos de campo
SA42,S14,estado_tramite,Sí,Sí,estado_tramite,0.91,0.1,True,SIMULADO — datos de prueba; no son hallazgos de campo
SA43,S15,horario_mesa_partes,Sí,Sí,horario_mesa_partes,0.5700000000000001,0.1,True,SIMULADO — datos de prueba; no son hallazgos de campo
SA43,S16,copia_documento,Sí,Sí,libro_reclamaciones,0.7100000000000001,0.1,False,SIMULADO — datos de prueba; no son hallazgos de campo
SA43,S17,certificado_posesion,Sí,Sí,certificado_posesion,0.63,0.1,True,SIMULADO — datos de prueba; no son hallazgos de campo
SA44,S18,constancia_domiciliaria,Parcial,Sí,impuesto_alcabala,0.67,0.1,False,SIMULADO — datos de prueba; no son hallazgos de campo
SA44,S19,certificado_defensa_civil,Parcial,Sí,licencia_edificacion_requisitos,0.77,0.1,False,SIMULADO — datos de prueba; no son hallazgos de campo
SA44,S20,inspeccion_tecnica,Parcial,No,inspeccion_tecnica,0.78,0.1,True,SIMULADO — datos de prueba; no son hallazgos de campo
SA45,S21,requisitos_defensa_civil,Sí,Sí,requisitos_defensa_civil,0.67,0.1,True,SIMULADO — datos de prueba; no son hallazgos de campo
SA45,S22,denuncia_seguridad_ciudadana,Sí,Sí,denuncia_seguridad_ciudadana,0.76,0.1,True,SIMULADO — datos de prueba; no son hallazgos de campo
SA45,S23,serenazgo_contacto,Parcial,No,serenazgo_contacto,0.74,0.1,True,SIMULADO — datos de prueba; no son hallazgos de campo
SA46,S24,partida_nacimiento,Sí,Sí,partida_nacimiento,0.9400000000000001,0.1,True,SIMULADO — datos de prueba; no son hallazgos de campo
SA46,S25,partida_matrimonio,Sí,Sí,partida_matrimonio,0.6200000000000001,0.1,True,SIMULADO — datos de prueba; no son hallazgos de campo
SA46,S26,partida_defuncion,No,No,presentar_reclamo,0.9400000000000001,0.1,False,SIMULADO — datos de prueba; no son hallazgos de campo
SA47,S27,rectificacion_partida,No,No,rectificacion_partida,0.8600000000000001,0.1,True,SIMULADO — datos de prueba; no son hallazgos de campo
SA47,S28,requisitos_matrimonio_civil,Sí,Sí,requisitos_matrimonio_civil,0.8800000000000001,0.1,True,SIMULADO — datos de prueba; no son hallazgos de campo
SA47,S29,horario_recojo_basura,Sí,Sí,horario_recojo_basura,0.8700000000000001,0.1,True,SIMULADO — datos de prueba; no son hallazgos de campo
SA48,S30,reporte_alumbrado_publico,Sí,Sí,reporte_alumbrado_publico,0.7200000000000001,0.1,True,SIMULADO — datos de prueba; no son hallazgos de campo
SA48,S31,mantenimiento_parques,Sí,Sí,requisitos_matrimonio_civil,0.93,0.1,False,SIMULADO — datos de prueba; no son hallazgos de campo
SA48,S32,poda_arboles,Parcial,Sí,contacto_telefonico,0.68,0.1,False,SIMULADO — datos de prueba; no son hallazgos de campo
SA49,S33,limpieza_via_publica,Sí,Sí,redes_sociales_mpsr,0.8500000000000001,0.1,False,SIMULADO — datos de prueba; no son hallazgos de campo
SA49,S34,presentar_reclamo,Sí,Sí,presentar_reclamo,0.8800000000000001,0.1,True,SIMULADO — datos de prueba; no son hallazgos de campo
SA49,S35,estado_reclamo,Parcial,No,redes_sociales_mpsr,0.67,0.1,False,SIMULADO — datos de prueba; no son hallazgos de campo
SA50,S36,libro_reclamaciones,Sí,Sí,despedida,0.64,0.1,False,SIMULADO — datos de prueba; no son hallazgos de campo
SA50,S37,queja_atencion,Sí,Sí,queja_atencion,0.8500000000000001,0.1,True,SIMULADO — datos de prueba; no son hallazgos de campo
SA50,S38,sugerencia,Sí,Sí,inspeccion_tecnica,0.8,0.1,False,SIMULADO — datos de prueba; no son hallazgos de campo
SA51,S39,horario_atencion_general,No,No,queja_atencion,0.7100000000000001,0.1,False,SIMULADO — datos de prueba; no son hallazgos de campo
SA51,S40,ubicacion_oficinas,Sí,Sí,ubicacion_oficinas,0.6900000000000001,0.1,True,SIMULADO — datos de prueba; no son hallazgos de campo
SA51,S41,requisitos_generales,Sí,Sí,licencia_edificacion_costo,0.9,0.1,False,SIMULADO — datos de prueba; no son hallazgos de campo
SA52,S42,costos_generales,Parcial,No,renovacion_licencia,0.68,0.1,False,SIMULADO — datos de prueba; no son hallazgos de campo
SA52,S43,contacto_telefonico,Parcial,No,contacto_telefonico,0.56,0.1,True,SIMULADO — datos de prueba; no son hallazgos de campo
SA52,S44,redes_sociales_mpsr,Parcial,Sí,requisitos_generales,0.8800000000000001,0.1,False,SIMULADO — datos de prueba; no son hallazgos de campo
SA53,S45,saludo,Sí,Sí,saludo,0.8700000000000001,0.1,True,SIMULADO — datos de prueba; no son hallazgos de campo
SA53,S46,despedida,Sí,Sí,despedida,0.66,0.1,True,SIMULADO — datos de prueba; no son hallazgos de campo
SA53,S47,agradecimiento,Sí,Sí,saludo,0.8900000000000001,0.1,False,SIMULADO — datos de prueba; no son hallazgos de campo
SA54,S48,afirmar,Parcial,Sí,afirmar,0.64,0.1,True,SIMULADO — datos de prueba; no son hallazgos de campo
SA54,S49,negar,Parcial,No,negar,0.63,0.1,True,SIMULADO — datos de prueba; no son hallazgos de campo
SA54,S50,fuera_de_alcance,Sí,Sí,fuera_de_alcance,0.79,0.1,True,SIMULADO — datos de prueba; no son hallazgos de campo
SA55,S51,fuera_de_alcance,Sí,Sí,pago_predial_como,0.81,0.1,False,SIMULADO — datos de prueba; no son hallazgos de campo
SA55,S52,fuera_de_alcance,Sí,Sí,fuera_de_alcance,0.67,0.1,True,SIMULADO — datos de prueba; no son hallazgos de campo
SA55,S53,hablar_con_persona,Sí,Sí,hablar_con_persona,0.63,0.1,True,SIMULADO — datos de prueba; no son hallazgos de campo
SA56,S54,ayuda_chatbot,Parcial,Sí,ayuda_chatbot,0.8300000000000001,0.1,True,SIMULADO — datos de prueba; no son hallazgos de campo
SA56,S55,consulta_no_entendida,Sí,Sí,consulta_no_entendida,0.9,0.1,True,SIMULADO — datos de prueba; no son hallazgos de campo
SA56,S56,repetir_informacion,No,No,repetir_informacion,0.8,0.1,True,SIMULADO — datos de prueba; no son hallazgos de campo
SA57,S01,licencia_funcionamiento_requisitos,Sí,Sí,licencia_funcionamiento_requisitos,0.8400000000000001,0.1,True,SIMULADO — datos de prueba; no son hallazgos de campo
SA57,S02,licencia_funcionamiento_costo,Sí,Sí,licencia_funcionamiento_costo,0.5900000000000001,0.1,True,SIMULADO — datos de prueba; no son hallazgos de campo
SA57,S03,licencia_funcionamiento_plazo,Parcial,No,licencia_funcionamiento_plazo,0.6900000000000001,0.1,True,SIMULADO — datos de prueba; no son hallazgos de campo
SA58,S04,licencia_edificacion_requisitos,Sí,Sí,reporte_alumbrado_publico,0.92,0.1,False,SIMULADO — datos de prueba; no son hallazgos de campo
SA58,S05,licencia_edificacion_costo,Sí,Sí,licencia_edificacion_costo,0.5700000000000001,0.1,True,SIMULADO — datos de prueba; no son hallazgos de campo
SA58,S06,renovacion_licencia,Sí,Sí,renovacion_licencia,0.67,0.1,True,SIMULADO — datos de prueba; no son hallazgos de campo
SA59,S07,consulta_deuda_predial,No,No,denuncia_seguridad_ciudadana,0.73,0.1,False,SIMULADO — datos de prueba; no son hallazgos de campo
SA59,S08,pago_predial_como,No,No,contacto_telefonico,0.8800000000000001,0.1,False,SIMULADO — datos de prueba; no son hallazgos de campo
SA59,S09,pago_arbitrios,Parcial,No,pago_arbitrios,0.5900000000000001,0.1,True,SIMULADO — datos de prueba; no son hallazgos de campo
SA60,S10,impuesto_alcabala,No,No,impuesto_alcabala,0.8,0.1,True,SIMULADO — datos de prueba; no son hallazgos de campo
SA60,S11,fraccionamiento_deuda,Parcial,No,renovacion_licencia,0.6200000000000001,0.1,False,SIMULADO — datos de prueba; no son hallazgos de campo
SA60,S12,constancia_no_adeudo,Sí,Sí,requisitos_defensa_civil,0.6100000000000001,0.1,False,SIMULADO — datos de prueba; no son hallazgos de campo
